"Title","Box (Item)","ID","Created Date","Updated Date","Owner","Imagem","Galeria de mídia","Valor","Descrição","Link do botão","Ficha tecnica","Tamanhos","Link WhatsApp","Box (All)","Metadescrição","Colchão (All)","Metadescricao","Sistema de Molejo","Espuma do Estofamento","Espuma do Matelassê","Pillow","Tecnologia","Nível de Firmeza","Suporte","Indicado para","Certificados","Densidade","Outras características","Tecido","Publish Date","Unpublish Date","Status"
"Base Box Casal ","/box/base-box-casal-","2aa1a092-9427-4cc8-af2b-3ba63caa076c",2024-05-24T14:52:50Z,2025-02-12T01:07:25Z,"3e41d719-849c-454e-984f-8ce84a2fe621","wix:image://v1/34ce26_72a08437ddd5412ebd66258ec63829de~mv2.png/MAXIMUS%20PLUS%20CAA%2030CM%20-%20C%20(10).png#originWidth=2048&originHeight=2048","[{""description"":"""",""slug"":""34ce26_72a08437ddd5412ebd66258ec63829de~mv2.png"",""alt"":"""",""src"":""wix:image://v1/34ce26_72a08437ddd5412ebd66258ec63829de~mv2.png/MAXIMUS%2520PLUS%2520CAA%252030CM%2520-%2520C%2520(10).png#originWidth=2048&originHeight=2048"",""title"":""MAXIMUS PLUS CAA 30CM - C (10).png"",""type"":""image"",""settings"":{""width"":2048,""height"":2048,""focalPoint"":[0.5,0.5]}},{""description"":"""",""slug"":""34ce26_03d5ad16cc484deea9f42f0be5db64cf~mv2.png"",""alt"":"""",""src"":""wix:image://v1/34ce26_03d5ad16cc484deea9f42f0be5db64cf~mv2.png/MAXIMUS%2520PLUS%2520CAA%252030CM%2520-%2520C%2520(9).png#originWidth=2048&originHeight=2048"",""title"":""MAXIMUS PLUS CAA 30CM - C (9).png"",""type"":""image"",""settings"":{""width"":2048,""height"":2048,""focalPoint"":[0.5,0.5]}},{""description"":"""",""slug"":""34ce26_c7de47d2806b4e2aae74fc37da904337~mv2.png"",""alt"":"""",""src"":""wix:image://v1/34ce26_c7de47d2806b4e2aae74fc37da904337~mv2.png/MAXIMUS%2520PLUS%2520CAA%252030CM%2520-%2520C%2520(7).png#originWidth=2048&originHeight=2048"",""title"":""MAXIMUS PLUS CAA 30CM - C (7).png"",""type"":""image"",""settings"":{""width"":2048,""height"":2048,""focalPoint"":[0.5,0.5]}},{""description"":"""",""slug"":""34ce26_a69835b25e134f54898233f1f6f255af~mv2.png"",""alt"":"""",""src"":""wix:image://v1/34ce26_a69835b25e134f54898233f1f6f255af~mv2.png/MAXIMUS%2520PLUS%2520CAA%252030CM%2520-%2520C%2520(4).png#originWidth=2048&originHeight=2048"",""title"":""MAXIMUS PLUS CAA 30CM - C (4).png"",""type"":""image"",""settings"":{""width"":2048,""height"":2048,""focalPoint"":[0.5,0.5]}},{""description"":"""",""slug"":""34ce26_1c7971e8e9984184bd87031abc15e93f~mv2.png"",""alt"":"""",""src"":""wix:image://v1/34ce26_1c7971e8e9984184bd87031abc15e93f~mv2.png/MAXIMUS%2520PLUS%2520CAA%252030CM%2520-%2520C%2520(3).png#originWidth=2048&originHeight=2048"",""title"":""MAXIMUS PLUS CAA 30CM - C (3).png"",""type"":""image"",""settings"":{""width"":2048,""height"":2048,""focalPoint"":[0.5,0.5]}},{""description"":"""",""slug"":""34ce26_c882b0490c4541f380028e377fc10726~mv2.png"",""alt"":"""",""src"":""wix:image://v1/34ce26_c882b0490c4541f380028e377fc10726~mv2.png/MAXIMUS%2520PLUS%2520CAA%252030CM%2520-%2520C%2520(11).png#originWidth=1000&originHeight=1000"",""title"":""MAXIMUS PLUS CAA 30CM - C (11).png"",""type"":""image"",""settings"":{""width"":1000,""height"":1000,""focalPoint"":[0.5,0.5]}},{""description"":"""",""slug"":""34ce26_98073438dbfa4b13aff616455ae2fbc7~mv2.png"",""alt"":"""",""src"":""wix:image://v1/34ce26_98073438dbfa4b13aff616455ae2fbc7~mv2.png/MAXIMUS%2520PLUS%2520CAA%252030CM%2520-%2520C%2520(12).png#originWidth=1000&originHeight=1000"",""title"":""MAXIMUS PLUS CAA 30CM - C (12).png"",""type"":""image"",""settings"":{""width"":1000,""height"":1000,""focalPoint"":[0.5,0.5]}}]",,"Base Box inteiriça para colchão medida de Casal 1,38m

A Base Box possui estrutura em Madeira de Reflorestamento Eucalipto Tratado, que funciona como bactericida natural, inibindo a infestação de Cupins, Brocas e Traças e garante maior durabilidade.
Bonito, moderno e cheio de vantagens Um produto que traz responsabilidade ambiental e a qualidade certificada da marca Probel, para quem tem bom gosto e deseja produtos sofisticados.","https://wa.me/551930142659?text=Ol%C3%A1!%20Gostaria%20de%20mais%20informa%C3%A7%C3%B5es%20sobre%20a%20Base%20Box%20Casal%20(%20https%3A%2F%2Fwww.probeljaguariuna.com.br%2Fbox%2Fbase-box-casal-%20).","{""nodes"":[{""type"":""BULLETED_LIST"",""id"":""evxxh9901"",""nodes"":[{""type"":""LIST_ITEM"",""id"":""j3dt69902"",""nodes"":[{""type"":""PARAGRAPH"",""id"":""foo"",""nodes"":[{""type"":""TEXT"",""id"":"""",""nodes"":[],""textData"":{""text"":""Suporte de Peso 150Kg por pessoa (desde que haja um colchão sobre a base)"",""decorations"":[]}}],""paragraphData"":{""textStyle"":{""textAlignment"":""AUTO""},""indentation"":0}}]},{""type"":""LIST_ITEM"",""id"":""zuz809900"",""nodes"":[{""type"":""PARAGRAPH"",""id"":""xjqee9897"",""nodes"":[{""type"":""TEXT"",""id"":"""",""nodes"":[],""textData"":{""text"":""Estrutura Madeira de reflorestamento Eucalipto tratado"",""decorations"":[]}}],""paragraphData"":{""textStyle"":{""textAlignment"":""AUTO""},""indentation"":0}}]},{""type"":""LIST_ITEM"",""id"":""hvubl10051"",""nodes"":[{""type"":""PARAGRAPH"",""id"":""i067m10052"",""nodes"":[{""type"":""TEXT"",""id"":"""",""nodes"":[],""textData"":{""text"":""Altura da Base Box 26cm"",""decorations"":[]}}],""paragraphData"":{""textStyle"":{""textAlignment"":""AUTO""},""indentation"":0}}]},{""type"":""LIST_ITEM"",""id"":""jycfd10119"",""nodes"":[{""type"":""PARAGRAPH"",""id"":""smtcp10120"",""nodes"":[{""type"":""TEXT"",""id"":"""",""nodes"":[],""textData"":{""text"":""Altura dos pés 12cm"",""decorations"":[]}}],""paragraphData"":{""textStyle"":{""textAlignment"":""AUTO""},""indentation"":0}},{""type"":""PARAGRAPH"",""id"":""irqcy10225"",""nodes"":[],""paragraphData"":{""textStyle"":{""textAlignment"":""AUTO""},""indentation"":0}}]}],""bulletedListData"":{""indentation"":0}}],""metadata"":{""version"":1,""createdTimestamp"":""2022-12-19T17:56:18.279Z"",""updatedTimestamp"":""2022-12-19T17:56:18.279Z"",""id"":""bfe52bf3-fef6-40b9-bbbc-284ddcb321fe""},""documentStyle"":{}}","{""nodes"":[{""type"":""PARAGRAPH"",""id"":""foo"",""nodes"":[{""type"":""TEXT"",""id"":"""",""nodes"":[],""textData"":{""text"":""Produto sob encomenda"",""decorations"":[{""type"":""BOLD"",""fontWeightValue"":700}]}}],""paragraphData"":{""textStyle"":{""textAlignment"":""AUTO""},""indentation"":0}},{""type"":""PARAGRAPH"",""id"":""q39zc10347"",""nodes"":[],""paragraphData"":{""textStyle"":{""textAlignment"":""AUTO""},""indentation"":0}},{""type"":""BULLETED_LIST"",""id"":""vyzng10351"",""nodes"":[{""type"":""LIST_ITEM"",""id"":""0fb1z10352"",""nodes"":[{""type"":""PARAGRAPH"",""id"":""37yxg10349"",""nodes"":[{""type"":""TEXT"",""id"":"""",""nodes"":[],""textData"":{""text"":""Medida Casal 1,38m x 1,88m x 38cm"",""decorations"":[]}}],""paragraphData"":{""textStyle"":{""textAlignment"":""AUTO""},""indentation"":0}}]}],""bulletedListData"":{""indentation"":0}},{""type"":""PARAGRAPH"",""id"":""bf3346686"",""nodes"":[],""paragraphData"":{""textStyle"":{""textAlignment"":""AUTO""},""indentation"":0}},{""type"":""PARAGRAPH"",""id"":""fmnj66691"",""nodes"":[{""type"":""TEXT"",""id"":"""",""nodes"":[],""textData"":{""text"":""*Consultar valores para outras medidas"",""decorations"":[]}}],""paragraphData"":{""textStyle"":{""textAlignment"":""AUTO""},""indentation"":0}},{""type"":""PARAGRAPH"",""id"":""f39y86815"",""nodes"":[{""type"":""TEXT"",""id"":"""",""nodes"":[],""textData"":{""text"":""*Colcão e Cabeceira são vendidos separadamente"",""decorations"":[]}}],""paragraphData"":{""textStyle"":{""textAlignment"":""AUTO""},""indentation"":0}}],""metadata"":{""version"":1,""createdTimestamp"":""2022-12-19T17:56:18.279Z"",""updatedTimestamp"":""2022-12-19T17:56:18.279Z"",""id"":""e498a3f5-70ed-4da3-9522-38a691703052""},""documentStyle"":{}}","https://wa.me/551930142659?text=Ol%C3%A1!%20Gostaria%20de%20mais%20informa%C3%A7%C3%B5es%20sobre%20a%20Base%20Box%20Casal%20(%20https%3A%2F%2Fwww.probeljaguariuna.com.br%2Fbox%2Fbase-box-casal-%20).","/box/","Box",,,,,,,,,,,,,,,,,"PUBLISHED"
"Base Bipartida Box Baú","/box/cama-box-ba%C3%BA","3304546b-1f97-489c-8a2f-e73d97f1a03e",2025-01-08T19:30:20Z,2025-02-12T01:06:29Z,"34ce267c-cd8a-4d74-a8d8-247105b8e36a","wix:image://v1/34ce26_95a020a1c8b4459c936183f1fa15fc38~mv2.jpeg/M%C3%ADdia%20(89).jpeg#originWidth=1328&originHeight=1769","[{""description"":"""",""slug"":""34ce26_a4f3d7ddcdde4ba3983a6680747295f7~mv2.jpeg"",""alt"":"""",""src"":""wix:image://v1/34ce26_a4f3d7ddcdde4ba3983a6680747295f7~mv2.jpeg/_.jpeg#originWidth=1328&originHeight=1769"",""title"":"""",""type"":""image"",""settings"":{""width"":1328,""height"":1769,""focalPoint"":[0.5,0.5]}},{""description"":"""",""slug"":""34ce26_7f4039175ae740f9a4d44bf257d3941a~mv2.jpeg"",""alt"":"""",""src"":""wix:image://v1/34ce26_7f4039175ae740f9a4d44bf257d3941a~mv2.jpeg/_.jpeg#originWidth=1368&originHeight=1718"",""title"":"""",""type"":""image"",""settings"":{""width"":1368,""height"":1718,""focalPoint"":[0.5,0.5]}},{""description"":"""",""slug"":""34ce26_84a7a68675bb4564b24f7bcd22a170cf~mv2.jpeg"",""alt"":"""",""src"":""wix:image://v1/34ce26_84a7a68675bb4564b24f7bcd22a170cf~mv2.jpeg/_.jpeg#originWidth=1328&originHeight=1769"",""title"":"""",""type"":""image"",""settings"":{""width"":1328,""height"":1769,""focalPoint"":[0.5,0.5]}},{""description"":"""",""slug"":""34ce26_aaeb1639ebd54f9e9470ede6bab11c5c~mv2.jpeg"",""alt"":"""",""src"":""wix:image://v1/34ce26_aaeb1639ebd54f9e9470ede6bab11c5c~mv2.jpeg/_.jpeg#originWidth=1328&originHeight=1769"",""title"":"""",""type"":""image"",""settings"":{""width"":1328,""height"":1769,""focalPoint"":[0.5,0.5]}},{""description"":"""",""slug"":""34ce26_eb94a2ee69cf46ebaa563c98709191bd~mv2.jpeg"",""alt"":"""",""src"":""wix:image://v1/34ce26_eb94a2ee69cf46ebaa563c98709191bd~mv2.jpeg/_.jpeg#originWidth=1328&originHeight=1769"",""title"":"""",""type"":""image"",""settings"":{""width"":1328,""height"":1769,""focalPoint"":[0.5,0.5]}},{""description"":"""",""slug"":""34ce26_d11e4659f75a434abe247175136ff216~mv2.jpeg"",""alt"":"""",""src"":""wix:image://v1/34ce26_d11e4659f75a434abe247175136ff216~mv2.jpeg/_.jpeg#originWidth=1328&originHeight=1769"",""title"":"""",""type"":""image"",""settings"":{""width"":1328,""height"":1769,""focalPoint"":[0.5,0.5]}},{""description"":"""",""slug"":""34ce26_5a91196cdd744ad19c34caf84f78a6bb~mv2.jpeg"",""alt"":"""",""src"":""wix:image://v1/34ce26_5a91196cdd744ad19c34caf84f78a6bb~mv2.jpeg/_.jpeg#originWidth=1328&originHeight=1769"",""title"":"""",""type"":""image"",""settings"":{""width"":1328,""height"":1769,""focalPoint"":[0.5,0.5]}},{""description"":"""",""slug"":""34ce26_ceccbd48931448b9a410fb49f839b00a~mv2.jpeg"",""alt"":"""",""src"":""wix:image://v1/34ce26_ceccbd48931448b9a410fb49f839b00a~mv2.jpeg/_.jpeg#originWidth=1309&originHeight=1796"",""title"":"""",""type"":""image"",""settings"":{""width"":1309,""height"":1796,""focalPoint"":[0.5,0.5]}},{""description"":"""",""slug"":""34ce26_898449bf3db248abb527ed2afaa56c52~mv2.jpeg"",""alt"":"""",""src"":""wix:image://v1/34ce26_898449bf3db248abb527ed2afaa56c52~mv2.jpeg/_.jpeg#originWidth=1328&originHeight=1769"",""title"":"""",""type"":""image"",""settings"":{""width"":1328,""height"":1769,""focalPoint"":[0.5,0.5]}},{""description"":"""",""slug"":""34ce26_95a020a1c8b4459c936183f1fa15fc38~mv2.jpeg"",""alt"":"""",""src"":""wix:image://v1/34ce26_95a020a1c8b4459c936183f1fa15fc38~mv2.jpeg/_.jpeg#originWidth=1328&originHeight=1769"",""title"":"""",""type"":""image"",""settings"":{""width"":1328,""height"":1769,""focalPoint"":[0.5,0.5]}}]",,"O Box Baú Probel é ideal para quem busca mais espaço para guardar e organizar uma série de coisas de quarto e até mesmo de outras partes da casa.

Bonito, moderno e cheio de vantagens, o Box Baú com certeza se tornou o sonho de muita gente que mora em apartamentos ou em casas menores por liberar espaço ao se tornar seu segundo armário. Além de ganhar espaço de sobra no quarto, permite também uma melhor organização daquilo que pode ficar guardado sem muito uso no dia-a-dia. Um produto que traz responsabilidade ambiental e a qualidade certificada da marca Probel, para quem tem bom gosto e deseja produtos sofisticados.

Possui sistema de abertura e fechamento com pistões pneumáticos (amortecedores) que facilitam o manuseio. Sua tampa se mantém aberta sem a necessidade de segurar, deixando um espaço livre entre a estrutura da cama para guardar e organizar objetos.

Sua estrutura é em Madeira de Reflorestamento Eucalipto Tratado, que funciona como bactericida natural, inibindo a infestação de Cupins, Brocas e Traças e garante maior durabilidade.","https://wa.me/551930142659?text=Ol%C3%A1!%20Gostaria%20de%20mais%20informa%C3%A7%C3%B5es%20sobre%20a%20Cama%20Box%20Ba%C3%BA%20(https%3A%2F%2Fwww.probeljaguariuna.com.br%2Fbox%2Fcama-box-ba%25C3%25BA)","{""nodes"":[{""type"":""BULLETED_LIST"",""id"":""3q6zq10673"",""nodes"":[{""type"":""LIST_ITEM"",""id"":""3ljoa10674"",""nodes"":[{""type"":""PARAGRAPH"",""id"":""fh45l10671"",""nodes"":[{""type"":""TEXT"",""id"":"""",""nodes"":[],""textData"":{""text"":""Suporte 150Kg por pessoa (desde que haja im colchão sobre a base)"",""decorations"":[]}}],""paragraphData"":{""textStyle"":{""textAlignment"":""AUTO""}}}]},{""type"":""LIST_ITEM"",""id"":""efmvu10966"",""nodes"":[{""type"":""PARAGRAPH"",""id"":""sg93d10967"",""nodes"":[{""type"":""TEXT"",""id"":"""",""nodes"":[],""textData"":{""text"":""Madeira de Reflorestamento Eucalipto tratado"",""decorations"":[]}}],""paragraphData"":{""textStyle"":{""textAlignment"":""AUTO""}}}]},{""type"":""LIST_ITEM"",""id"":""up65s200"",""nodes"":[{""type"":""PARAGRAPH"",""id"":""fr28t201"",""nodes"":[{""type"":""TEXT"",""id"":"""",""nodes"":[],""textData"":{""text"":""Sistema Basculante som pistões pneumáticos (amortecedores)"",""decorations"":[]}}],""paragraphData"":{""textStyle"":{""textAlignment"":""AUTO""}}}]},{""type"":""LIST_ITEM"",""id"":""rnc3u746"",""nodes"":[{""type"":""PARAGRAPH"",""id"":""p82jl747"",""nodes"":[{""type"":""TEXT"",""id"":"""",""nodes"":[],""textData"":{""text"":""Base Bipartida (Para medidas Queen e King)"",""decorations"":[]}}],""paragraphData"":{""textStyle"":{""textAlignment"":""AUTO""}}}]},{""type"":""LIST_ITEM"",""id"":""flifu705"",""nodes"":[{""type"":""PARAGRAPH"",""id"":""vsqqu706"",""nodes"":[{""type"":""TEXT"",""id"":"""",""nodes"":[],""textData"":{""text"":""Quantidade de pistões: 4"",""decorations"":[]}}],""paragraphData"":{""textStyle"":{""textAlignment"":""AUTO""}}}]},{""type"":""LIST_ITEM"",""id"":""9ocdu724"",""nodes"":[{""type"":""PARAGRAPH"",""id"":""hpeb2725"",""nodes"":[{""type"":""TEXT"",""id"":"""",""nodes"":[],""textData"":{""text"":""Abertura: Frontal"",""decorations"":[]}}],""paragraphData"":{""textStyle"":{""textAlignment"":""AUTO""}}}]}],""bulletedListData"":{""indentation"":0}}],""metadata"":{""version"":1,""createdTimestamp"":""2022-12-19T17:56:18.279Z"",""updatedTimestamp"":""2022-12-19T17:56:18.279Z"",""id"":""753a8c44-9e67-4b03-8956-fd09d956bf6f""},""documentStyle"":{}}","{""nodes"":[{""type"":""PARAGRAPH"",""id"":""foo"",""nodes"":[{""type"":""TEXT"",""id"":"""",""nodes"":[],""textData"":{""text"":""Medidas Box Bipartido"",""decorations"":[{""type"":""BOLD"",""fontWeightValue"":700}]}}],""paragraphData"":{""textStyle"":{""textAlignment"":""AUTO""},""indentation"":0}},{""type"":""BULLETED_LIST"",""id"":""cknin11376"",""nodes"":[{""type"":""LIST_ITEM"",""id"":""0r2jg11641"",""nodes"":[{""type"":""PARAGRAPH"",""id"":""s9f3911642"",""nodes"":[{""type"":""TEXT"",""id"":"""",""nodes"":[],""textData"":{""text"":""Queen - 1,58m x 1,88m x 40cm"",""decorations"":[]}}],""paragraphData"":{""textStyle"":{""textAlignment"":""AUTO""},""indentation"":0}}]},{""type"":""LIST_ITEM"",""id"":""hx9xw11379"",""nodes"":[{""type"":""PARAGRAPH"",""id"":""758sf11318"",""nodes"":[{""type"":""TEXT"",""id"":"""",""nodes"":[],""textData"":{""text"":""King Size - 1,93m x 2,03m x 40cm"",""decorations"":[]}}],""paragraphData"":{""textStyle"":{""textAlignment"":""AUTO""},""indentation"":0}}]}],""bulletedListData"":{""indentation"":0}}],""metadata"":{""version"":1,""createdTimestamp"":""2022-12-19T17:56:18.279Z"",""updatedTimestamp"":""2022-12-19T17:56:18.279Z"",""id"":""80b7982b-4a15-4da2-8667-dacce7c2de88""},""documentStyle"":{}}","https://wa.me/551930142659?text=Ol%C3%A1!%20Gostaria%20de%20mais%20informa%C3%A7%C3%B5es%20sobre%20a%20Cama%20Box%20Ba%C3%BA%20(https%3A%2F%2Fwww.probeljaguariuna.com.br%2Fbox%2Fcama-box-ba%25C3%25BA)","/box/","Box",,,,,,,,,,,,,,,2025-01-08T19:30:20Z,,"PUBLISHED"
"Base Box Bipartida - Queen Size e King Size","/box/base-box-bipartida---queen-size-e-king-size","5895cdd2-9a71-478a-a0e3-2b446801eb30",2024-05-24T14:52:50Z,2025-02-12T01:07:45Z,"3e41d719-849c-454e-984f-8ce84a2fe621","wix:image://v1/34ce26_4f1aab48e0d348fcbb48a65868213e29~mv2.jpeg/M%C3%ADdia%20(10).jpeg#originWidth=2912&originHeight=3228","[{""description"":"""",""slug"":""34ce26_4f1aab48e0d348fcbb48a65868213e29~mv2.jpeg"",""alt"":"""",""src"":""wix:image://v1/34ce26_4f1aab48e0d348fcbb48a65868213e29~mv2.jpeg/_.jpeg#originWidth=2912&originHeight=3228"",""title"":"""",""type"":""image"",""settings"":{""width"":2912,""height"":3228,""focalPoint"":[0.5,0.5]}},{""description"":"""",""slug"":""34ce26_a64e0adfe1d84c9bb70e362a269d76ab~mv2.jpeg"",""alt"":"""",""src"":""wix:image://v1/34ce26_a64e0adfe1d84c9bb70e362a269d76ab~mv2.jpeg/_.jpeg#originWidth=1387&originHeight=1694"",""title"":"""",""type"":""image"",""settings"":{""width"":1387,""height"":1694,""focalPoint"":[0.5,0.5]}},{""description"":"""",""slug"":""34ce26_fa2b9c509fd54e3fba79abe94e33f126~mv2.jpeg"",""alt"":"""",""src"":""wix:image://v1/34ce26_fa2b9c509fd54e3fba79abe94e33f126~mv2.jpeg/_.jpeg#originWidth=1439&originHeight=1633"",""title"":"""",""type"":""image"",""settings"":{""width"":1439,""height"":1633,""focalPoint"":[0.5,0.5]}},{""description"":"""",""slug"":""34ce26_f9a1256d56e7406c9d59294702b4eaf7~mv2.jpeg"",""alt"":"""",""src"":""wix:image://v1/34ce26_f9a1256d56e7406c9d59294702b4eaf7~mv2.jpeg/_.jpeg#originWidth=1437&originHeight=1635"",""title"":"""",""type"":""image"",""settings"":{""width"":1437,""height"":1635,""focalPoint"":[0.5,0.5]}},{""description"":"""",""slug"":""34ce26_54b9a712b5cd499abcc032d6b360b089~mv2.png"",""alt"":"""",""src"":""wix:image://v1/34ce26_54b9a712b5cd499abcc032d6b360b089~mv2.png/GCA%2520STAR%2520CES%252030CM%2520-%2520Q%2520(10).png#originWidth=2048&originHeight=2048"",""title"":""GCA STAR CES 30CM - Q (10).png"",""type"":""image"",""settings"":{""width"":2048,""height"":2048,""focalPoint"":[0.5,0.5]}},{""description"":"""",""slug"":""34ce26_344548b284c14f1eaab9b92b2e64c913~mv2.png"",""alt"":"""",""src"":""wix:image://v1/34ce26_344548b284c14f1eaab9b92b2e64c913~mv2.png/GCA%2520STAR%2520CES%252030CM%2520-%2520Q%2520(9).png#originWidth=2048&originHeight=2048"",""title"":""GCA STAR CES 30CM - Q (9).png"",""type"":""image"",""settings"":{""width"":2048,""height"":2048,""focalPoint"":[0.5,0.5]}},{""description"":"""",""slug"":""34ce26_a35600a005df468ba7d65a4430bdd1b4~mv2.png"",""alt"":"""",""src"":""wix:image://v1/34ce26_a35600a005df468ba7d65a4430bdd1b4~mv2.png/GCA%2520STAR%2520CES%252030CM%2520-%2520Q%2520(3).png#originWidth=2048&originHeight=2048"",""title"":""GCA STAR CES 30CM - Q (3).png"",""type"":""image"",""settings"":{""width"":2048,""height"":2048,""focalPoint"":[0.5,0.5]}},{""description"":"""",""slug"":""34ce26_2d29a7ae84d148d7a512ebdd062c131c~mv2.png"",""alt"":"""",""src"":""wix:image://v1/34ce26_2d29a7ae84d148d7a512ebdd062c131c~mv2.png/GCA%2520STAR%2520CES%252030CM%2520-%2520Q%2520(4).png#originWidth=2048&originHeight=2048"",""title"":""GCA STAR CES 30CM - Q (4).png"",""type"":""image"",""settings"":{""width"":2048,""height"":2048,""focalPoint"":[0.5,0.5]}},{""description"":"""",""slug"":""34ce26_e7979ddcddc74830a8298706b85da35c~mv2.png"",""alt"":"""",""src"":""wix:image://v1/34ce26_e7979ddcddc74830a8298706b85da35c~mv2.png/GCA%2520STAR%2520CES%252030CM%2520-%2520Q%2520(1).png#originWidth=2048&originHeight=2048"",""title"":""GCA STAR CES 30CM - Q (1).png"",""type"":""image"",""settings"":{""width"":2048,""height"":2048,""focalPoint"":[0.5,0.5]}},{""description"":"""",""slug"":""34ce26_1eda7b70af164fa4b62f9bab668dfd0c~mv2.png"",""alt"":"""",""src"":""wix:image://v1/34ce26_1eda7b70af164fa4b62f9bab668dfd0c~mv2.png/GCA%2520STAR%2520CES%252030CM%2520-%2520Q%2520(12).png#originWidth=1000&originHeight=1000"",""title"":""GCA STAR CES 30CM - Q (12).png"",""type"":""image"",""settings"":{""width"":1000,""height"":1000,""focalPoint"":[0.5,0.5]}}]",,"A Base Box Probel possui estrutura em Madeira de Reflorestamento Eucalipto Tratado, que funciona como bactericida natural, inibindo a infestação de Cupins, Brocas e Traças e garante maior durabilidade.

Bonito, moderno e cheio de vantagens. Um produto que traz responsabilidade ambiental e a qualidade certificada da marca Probel, para quem tem bom gosto e deseja produtos sofisticados.","https://wa.me/551930142659?text=Ol%C3%A1!%20Gostaria%20de%20mais%20informa%C3%A7%C3%B5es%20sobre%20a%20Base%20Box%20Bipartida%20-%20Queen%20Size%20e%20King%20Size%20(%20https%3A%2F%2Fwww.probeljaguariuna.com.br%2Fbox%2Fbase-box-bipartida---queen-size-e-king-size%20).","{""nodes"":[{""type"":""BULLETED_LIST"",""id"":""3q6zq10673"",""nodes"":[{""type"":""LIST_ITEM"",""id"":""3ljoa10674"",""nodes"":[{""type"":""PARAGRAPH"",""id"":""fh45l10671"",""nodes"":[{""type"":""TEXT"",""id"":"""",""nodes"":[],""textData"":{""text"":""Suporte 150Kg por pessoa (desde que haja im colchão sobre a base)"",""decorations"":[]}}],""paragraphData"":{}}]},{""type"":""LIST_ITEM"",""id"":""efmvu10966"",""nodes"":[{""type"":""PARAGRAPH"",""id"":""sg93d10967"",""nodes"":[{""type"":""TEXT"",""id"":"""",""nodes"":[],""textData"":{""text"":""Madeira de Reflorestamento Eucalipto tratado"",""decorations"":[]}}],""paragraphData"":{}}]},{""type"":""LIST_ITEM"",""id"":""z81oj11121"",""nodes"":[{""type"":""PARAGRAPH"",""id"":""8kn4511122"",""nodes"":[{""type"":""TEXT"",""id"":"""",""nodes"":[],""textData"":{""text"":""Base Bipartida"",""decorations"":[]}}],""paragraphData"":{}}]},{""type"":""LIST_ITEM"",""id"":""8jont11257"",""nodes"":[{""type"":""PARAGRAPH"",""id"":""hpvlw11258"",""nodes"":[{""type"":""TEXT"",""id"":"""",""nodes"":[],""textData"":{""text"":""Altura 26cm"",""decorations"":[]}}],""paragraphData"":{}},{""type"":""PARAGRAPH"",""id"":""mdiyp11198"",""nodes"":[],""paragraphData"":{}}]}],""bulletedListData"":{""indentation"":0}}],""metadata"":{""version"":1,""createdTimestamp"":""2022-12-19T17:56:18.279Z"",""updatedTimestamp"":""2022-12-19T17:56:18.279Z"",""id"":""2a5af6ee-87ca-4c07-913d-335797f326e8""},""documentStyle"":{}}","{""nodes"":[{""type"":""PARAGRAPH"",""id"":""foo"",""nodes"":[{""type"":""TEXT"",""id"":"""",""nodes"":[],""textData"":{""text"":""Medidas Box Bipartido"",""decorations"":[{""type"":""BOLD"",""fontWeightValue"":700}]}}],""paragraphData"":{""textStyle"":{""textAlignment"":""AUTO""},""indentation"":0}},{""type"":""BULLETED_LIST"",""id"":""cknin11376"",""nodes"":[{""type"":""LIST_ITEM"",""id"":""0r2jg11641"",""nodes"":[{""type"":""PARAGRAPH"",""id"":""s9f3911642"",""nodes"":[{""type"":""TEXT"",""id"":"""",""nodes"":[],""textData"":{""text"":""Queen - 1,58m x 1,88m x 26cm"",""decorations"":[]}}],""paragraphData"":{""textStyle"":{""textAlignment"":""AUTO""},""indentation"":0}}]},{""type"":""LIST_ITEM"",""id"":""hx9xw11379"",""nodes"":[{""type"":""PARAGRAPH"",""id"":""758sf11318"",""nodes"":[{""type"":""TEXT"",""id"":"""",""nodes"":[],""textData"":{""text"":""King Size - 1,93m x 2,03m x 26cm"",""decorations"":[]}}],""paragraphData"":{""textStyle"":{""textAlignment"":""AUTO""},""indentation"":0}}]}],""bulletedListData"":{""indentation"":0}}],""metadata"":{""version"":1,""createdTimestamp"":""2022-12-19T17:56:18.279Z"",""updatedTimestamp"":""2022-12-19T17:56:18.279Z"",""id"":""04dce706-855b-4dc7-b6f2-7cc79e5787dd""},""documentStyle"":{}}","https://wa.me/551930142659?text=Ol%C3%A1!%20Gostaria%20de%20mais%20informa%C3%A7%C3%B5es%20sobre%20a%20Base%20Box%20Bipartida%20-%20Queen%20Size%20e%20King%20Size%20(%20https%3A%2F%2Fwww.probeljaguariuna.com.br%2Fbox%2Fbase-box-bipartida---queen-size-e-king-size%20).","/box/","Box",,,,,,,,,,,,,,,,,"PUBLISHED"
"Base Box Baú Casal ","/box/cama-box-ba%C3%BA-casal-","ba61284b-88e9-4ccd-93b2-dd1c43f81e19",2025-01-15T13:36:13Z,2025-02-12T01:05:22Z,"34ce267c-cd8a-4d74-a8d8-247105b8e36a","wix:image://v1/34ce26_7f8d4d3535264589b9c2a315f2fb4067~mv2.jpeg/WhatsApp%20Image%202024-06-20%20at%2009.36.33%20(1).jpeg#originWidth=1201&originHeight=1600","[{""description"":"""",""slug"":""34ce26_7f8d4d3535264589b9c2a315f2fb4067~mv2.jpeg"",""alt"":"""",""src"":""wix:image://v1/34ce26_7f8d4d3535264589b9c2a315f2fb4067~mv2.jpeg/_.jpeg#originWidth=1201&originHeight=1600"",""title"":"""",""type"":""image"",""settings"":{""width"":1201,""height"":1600,""focalPoint"":[0.5,0.5]}},{""description"":"""",""slug"":""34ce26_3709ff7181c14903b860665dd17d99ff~mv2.jpeg"",""alt"":"""",""src"":""wix:image://v1/34ce26_3709ff7181c14903b860665dd17d99ff~mv2.jpeg/_.jpeg#originWidth=1201&originHeight=1600"",""title"":"""",""type"":""image"",""settings"":{""width"":1201,""height"":1600,""focalPoint"":[0.5,0.5]}}]",,"O Box Baú Probal é ideal para quem busca mais espaço para guardar e organizar uma série de coisas de quarto e até mesmo de outras partes da casa.

Bonito, moderno e cheio de vantagens, o Box Baú com certeza se tornou o sonho de muita gente que mora em apartamentos ou em casas menores por liberar espaço ao se tornar seu segundo armário. Além de ganhar espaço de sobra no quarto, permite também uma melhor organização daquilo que pode ficar guardado sem muito uso no dia-a-dia. Um produto que traz responsabilidade ambiental e a qualidade certificada da marca Probel, para quem tem bom gosto e deseja produtos sofisticados.

Possui sistema de abertura e fechamento com pistões pneumáticos (amortecedores) que facilitam o manuseio. Sua tampa se mantém aberta sem a necessidade de segurar, deixando um espaço livre entre a estrutura da cama para guardar e organizar objetos.

Sua estrutura é em Madeira de Reflorestamento Eucalipto Tratado, que funciona como bactericida natural, inibindo a infestação de Cupins e Traças e garante maior durabilidade.","https://wa.me/551930142659?text=Ol%C3%A1!%20Gostaria%20de%20mais%20informa%C3%A7%C3%B5es%20sobre%20a%20Cama%20Box%20Ba%C3%BA%20Casal%20(https%3A%2F%2Fwww.probeljaguariuna.com.br%2Fbox%2Fcama-box-ba%25C3%25BA-casal-)","{""nodes"":[{""type"":""BULLETED_LIST"",""id"":""3q6zq10673"",""nodes"":[{""type"":""LIST_ITEM"",""id"":""3ljoa10674"",""nodes"":[{""type"":""PARAGRAPH"",""id"":""fh45l10671"",""nodes"":[{""type"":""TEXT"",""id"":"""",""nodes"":[],""textData"":{""text"":""Suporte 150Kg por pessoa (desde que haja um colchão sobre a base)"",""decorations"":[]}}],""paragraphData"":{""textStyle"":{""textAlignment"":""AUTO""}}}]},{""type"":""LIST_ITEM"",""id"":""efmvu10966"",""nodes"":[{""type"":""PARAGRAPH"",""id"":""sg93d10967"",""nodes"":[{""type"":""TEXT"",""id"":"""",""nodes"":[],""textData"":{""text"":""Madeira de Reflorestamento Eucalipto Tratado"",""decorations"":[]}}],""paragraphData"":{""textStyle"":{""textAlignment"":""AUTO""}}}]},{""type"":""LIST_ITEM"",""id"":""up65s200"",""nodes"":[{""type"":""PARAGRAPH"",""id"":""fr28t201"",""nodes"":[{""type"":""TEXT"",""id"":"""",""nodes"":[],""textData"":{""text"":""Sistema Basculante com pistões pneumáticos (amortecedores)"",""decorations"":[]}}],""paragraphData"":{""textStyle"":{""textAlignment"":""AUTO""}}}]},{""type"":""LIST_ITEM"",""id"":""flifu705"",""nodes"":[{""type"":""PARAGRAPH"",""id"":""vsqqu706"",""nodes"":[{""type"":""TEXT"",""id"":"""",""nodes"":[],""textData"":{""text"":""Quantidade de pistões: 2"",""decorations"":[]}}],""paragraphData"":{""textStyle"":{""textAlignment"":""AUTO""}}}]},{""type"":""LIST_ITEM"",""id"":""9ocdu724"",""nodes"":[{""type"":""PARAGRAPH"",""id"":""hpeb2725"",""nodes"":[{""type"":""TEXT"",""id"":"""",""nodes"":[],""textData"":{""text"":""Abertura: Frontal"",""decorations"":[]}}],""paragraphData"":{""textStyle"":{""textAlignment"":""AUTO""}}}]}],""bulletedListData"":{""indentation"":0}}],""metadata"":{""version"":1,""createdTimestamp"":""2022-12-19T17:56:18.279Z"",""updatedTimestamp"":""2022-12-19T17:56:18.279Z"",""id"":""0a28b9d2-8b5e-46f3-a149-8f822f05fe7c""},""documentStyle"":{}}","{""nodes"":[{""type"":""PARAGRAPH"",""id"":""foo"",""nodes"":[{""type"":""TEXT"",""id"":"""",""nodes"":[],""textData"":{""text"":""Medida Base Box Baú"",""decorations"":[{""type"":""BOLD"",""fontWeightValue"":700}]}}],""paragraphData"":{""textStyle"":{""textAlignment"":""AUTO""},""indentation"":0}},{""type"":""BULLETED_LIST"",""id"":""nkdw51772"",""nodes"":[{""type"":""LIST_ITEM"",""id"":""d29z71773"",""nodes"":[{""type"":""PARAGRAPH"",""id"":""wyhom1770"",""nodes"":[{""type"":""TEXT"",""id"":"""",""nodes"":[],""textData"":{""text"":""Casal 1,38m x 1,88m x 34cm"",""decorations"":[]}}],""paragraphData"":{""textStyle"":{""textAlignment"":""AUTO""},""indentation"":0}}]}],""bulletedListData"":{""indentation"":0}}],""metadata"":{""version"":1,""createdTimestamp"":""2022-12-19T17:56:18.279Z"",""updatedTimestamp"":""2022-12-19T17:56:18.279Z"",""id"":""ec93ef76-80d3-4138-a686-2d2de1b3f4cd""},""documentStyle"":{}}","https://wa.me/551930142659?text=Ol%C3%A1!%20Gostaria%20de%20mais%20informa%C3%A7%C3%B5es%20sobre%20a%20Cama%20Box%20Ba%C3%BA%20Casal%20(https%3A%2F%2Fwww.probeljaguariuna.com.br%2Fbox%2Fcama-box-ba%25C3%25BA-casal-)","/box/","Box",,,,,,,,,,,,,,,2025-01-15T13:36:14Z,,"PUBLISHED"
"Cama Luxor","/box/cama-luxor","ef314fff-b24b-45fb-9cb7-2f954226f39f",2024-07-23T14:30:07Z,2025-02-12T01:06:51Z,"34ce267c-cd8a-4d74-a8d8-247105b8e36a","wix:image://v1/34ce26_8afd507e732346eb862a89afa6843ebb~mv2.jpg/M%C3%ADdia%20(1).jpg#originWidth=2911&originHeight=3227","[{""description"":"""",""slug"":""34ce26_eba3261747f94b6c9c326e84a825ab81~mv2.jpg"",""alt"":"""",""src"":""wix:image://v1/34ce26_eba3261747f94b6c9c326e84a825ab81~mv2.jpg/_.jpg#originWidth=1360&originHeight=1729"",""title"":"""",""type"":""image"",""settings"":{""width"":1360,""height"":1729,""focalPoint"":[0.5,0.5]}},{""description"":"""",""slug"":""34ce26_8afd507e732346eb862a89afa6843ebb~mv2.jpg"",""alt"":"""",""src"":""wix:image://v1/34ce26_8afd507e732346eb862a89afa6843ebb~mv2.jpg/_.jpg#originWidth=2911&originHeight=3227"",""title"":"""",""type"":""image"",""settings"":{""width"":2911,""height"":3227,""focalPoint"":[0.5,0.5]}},{""description"":"""",""slug"":""34ce26_51c6ae55aaa249d582d3162c38525f06~mv2.jpg"",""alt"":"""",""src"":""wix:image://v1/34ce26_51c6ae55aaa249d582d3162c38525f06~mv2.jpg/_.jpg#originWidth=1000&originHeight=667"",""title"":"""",""type"":""image"",""settings"":{""width"":1000,""height"":667,""focalPoint"":[0.5,0.5]}},{""description"":"""",""slug"":""34ce26_e6d5aca04a534979966969026915b05f~mv2.jpg"",""alt"":"""",""src"":""wix:image://v1/34ce26_e6d5aca04a534979966969026915b05f~mv2.jpg/_.jpg#originWidth=1328&originHeight=1769"",""title"":"""",""type"":""image"",""settings"":{""width"":1328,""height"":1769,""focalPoint"":[0.5,0.5]}},{""description"":"""",""slug"":""34ce26_c51defafa8ed47d0af26bacc58791b9a~mv2.jpg"",""alt"":"""",""src"":""wix:image://v1/34ce26_c51defafa8ed47d0af26bacc58791b9a~mv2.jpg/_.jpg#originWidth=1328&originHeight=1769"",""title"":"""",""type"":""image"",""settings"":{""width"":1328,""height"":1769,""focalPoint"":[0.5,0.5]}},{""description"":"""",""slug"":""34ce26_d1a7ff4c0fbc4852938ffccc1ee649d1~mv2.jpg"",""alt"":"""",""src"":""wix:image://v1/34ce26_d1a7ff4c0fbc4852938ffccc1ee649d1~mv2.jpg/_.jpg#originWidth=1328&originHeight=1769"",""title"":"""",""type"":""image"",""settings"":{""width"":1328,""height"":1769,""focalPoint"":[0.5,0.5]}},{""description"":"""",""slug"":""34ce26_9e1db9f03e8f4114a303f33d6b8bdf9b~mv2.jpg"",""alt"":"""",""src"":""wix:image://v1/34ce26_9e1db9f03e8f4114a303f33d6b8bdf9b~mv2.jpg/_.jpg#originWidth=2938&originHeight=3199"",""title"":"""",""type"":""image"",""settings"":{""width"":2938,""height"":3199,""focalPoint"":[0.5,0.5]}}]",,"Estrutua em madeira de reflorestamento tratado conta mofo, cupim e microorganismos.
Travamento da estrutura com grampos.

Espuma da estrutura D20.

Acabamento interno pés com 13cm. Opções em alumínio preto ou madeira. 
Rebaixo 7cm.","https://wa.me/551930142659?text=Ol%C3%A1!%20Gostaria%20de%20mais%20informa%C3%A7%C3%B5es%20sobre%20a%20Cama%20Luxor%20(%20https%3A%2F%2Fwww.probeljaguariuna.com.br%2Fbox%2Fcama-luxor%20).",,"{""nodes"":[{""type"":""PARAGRAPH"",""id"":""foo"",""nodes"":[{""type"":""TEXT"",""id"":"""",""nodes"":[],""textData"":{""text"":""Medidas Padrão"",""decorations"":[]}}],""paragraphData"":{""textStyle"":{""textAlignment"":""AUTO""},""indentation"":0}},{""type"":""PARAGRAPH"",""id"":""6idir2060"",""nodes"":[],""paragraphData"":{""textStyle"":{""textAlignment"":""AUTO""},""indentation"":0}},{""type"":""PARAGRAPH"",""id"":""0bpic2062"",""nodes"":[{""type"":""TEXT"",""id"":"""",""nodes"":[],""textData"":{""text"":""Cama King Size 1,95m - L 2,03m x A 0,28m x P 2,08m"",""decorations"":[]}}],""paragraphData"":{""textStyle"":{""textAlignment"":""AUTO""},""indentation"":0}},{""type"":""PARAGRAPH"",""id"":""1ox6w2165"",""nodes"":[{""type"":""TEXT"",""id"":"""",""nodes"":[],""textData"":{""text"":""Cama Queen - 1,60m - L 1,68m x A 0,28m x P 2,03m"",""decorations"":[]}}],""paragraphData"":{""textStyle"":{""textAlignment"":""AUTO""},""indentation"":0}},{""type"":""PARAGRAPH"",""id"":""37pt82331"",""nodes"":[{""type"":""TEXT"",""id"":"""",""nodes"":[],""textData"":{""text"":""Cama Casal - 1,40m - L 1,48m x A 0,28m x P 1,93m"",""decorations"":[]}}],""paragraphData"":{""textStyle"":{""textAlignment"":""AUTO""},""indentation"":0}}],""metadata"":{""version"":1,""createdTimestamp"":""2022-12-19T17:56:18.279Z"",""updatedTimestamp"":""2022-12-19T17:56:18.279Z"",""id"":""ec662093-5963-4b93-a965-a2d401e2906e""},""documentStyle"":{}}","https://wa.me/551930142659?text=Ol%C3%A1!%20Gostaria%20de%20mais%20informa%C3%A7%C3%B5es%20sobre%20a%20Cama%20Luxor%20(%20https%3A%2F%2Fwww.probeljaguariuna.com.br%2Fbox%2Fcama-luxor%20).","/box/","Cama",,,,,,,,,,,,,,,2024-07-23T14:30:07Z,,"PUBLISHED"
"Base Box Solteiro - 0,88m","/box/base-box-solteiro---0%2C88m","ef85c166-4b39-4f45-ba8b-ff260caa95e4",2024-05-24T14:52:50Z,2025-02-12T01:08:14Z,"3e41d719-849c-454e-984f-8ce84a2fe621","wix:image://v1/34ce26_e2be63f08483419b9c183e439b7bb5fd~mv2.png/MAXIMUS%20PLUS%20CAA%2030CM%20-%20S%20(10).png#originWidth=2048&originHeight=2048","[{""description"":"""",""slug"":""34ce26_e2be63f08483419b9c183e439b7bb5fd~mv2.png"",""alt"":"""",""src"":""wix:image://v1/34ce26_e2be63f08483419b9c183e439b7bb5fd~mv2.png/MAXIMUS%2520PLUS%2520CAA%252030CM%2520-%2520S%2520(10).png#originWidth=2048&originHeight=2048"",""title"":""MAXIMUS PLUS CAA 30CM - S (10).png"",""type"":""image"",""settings"":{""width"":2048,""height"":2048,""focalPoint"":[0.5,0.5]}},{""description"":"""",""slug"":""34ce26_4bedf474585a481da5545cd5e56f41c4~mv2.png"",""alt"":"""",""src"":""wix:image://v1/34ce26_4bedf474585a481da5545cd5e56f41c4~mv2.png/MAXIMUS%2520PLUS%2520CAA%252030CM%2520-%2520S%2520(9).png#originWidth=2048&originHeight=2048"",""title"":""MAXIMUS PLUS CAA 30CM - S (9).png"",""type"":""image"",""settings"":{""width"":2048,""height"":2048,""focalPoint"":[0.5,0.5]}},{""description"":"""",""slug"":""34ce26_b84eb2c6925944d4b3444da9f2e27cd3~mv2.png"",""alt"":"""",""src"":""wix:image://v1/34ce26_b84eb2c6925944d4b3444da9f2e27cd3~mv2.png/MAXIMUS%2520PLUS%2520CAA%252030CM%2520-%2520S%2520(1).png#originWidth=2048&originHeight=2048"",""title"":""MAXIMUS PLUS CAA 30CM - S (1).png"",""type"":""image"",""settings"":{""width"":2048,""height"":2048,""focalPoint"":[0.5,0.5]}},{""description"":"""",""slug"":""34ce26_85e57ef47d7f45e4af7befb775e02e13~mv2.png"",""alt"":"""",""src"":""wix:image://v1/34ce26_85e57ef47d7f45e4af7befb775e02e13~mv2.png/MAXIMUS%2520PLUS%2520CAA%252030CM%2520-%2520S%2520(3).png#originWidth=2048&originHeight=2048"",""title"":""MAXIMUS PLUS CAA 30CM - S (3).png"",""type"":""image"",""settings"":{""width"":2048,""height"":2048,""focalPoint"":[0.5,0.5]}},{""description"":"""",""slug"":""34ce26_b758d82188f241f9b730293b98cd6200~mv2.png"",""alt"":"""",""src"":""wix:image://v1/34ce26_b758d82188f241f9b730293b98cd6200~mv2.png/MAXIMUS%2520PLUS%2520CAA%252030CM%2520-%2520S%2520(4).png#originWidth=2048&originHeight=2048"",""title"":""MAXIMUS PLUS CAA 30CM - S (4).png"",""type"":""image"",""settings"":{""width"":2048,""height"":2048,""focalPoint"":[0.5,0.5]}},{""description"":"""",""slug"":""34ce26_45c9df3319ff47c886a08b143ffc6b35~mv2.png"",""alt"":"""",""src"":""wix:image://v1/34ce26_45c9df3319ff47c886a08b143ffc6b35~mv2.png/MAXIMUS%2520PLUS%2520CAA%252030CM%2520-%2520S%2520(7).png#originWidth=2048&originHeight=2048"",""title"":""MAXIMUS PLUS CAA 30CM - S (7).png"",""type"":""image"",""settings"":{""width"":2048,""height"":2048,""focalPoint"":[0.5,0.5]}},{""description"":"""",""slug"":""34ce26_50d300bf6a3d47948c899f17740d6eac~mv2.png"",""alt"":"""",""src"":""wix:image://v1/34ce26_50d300bf6a3d47948c899f17740d6eac~mv2.png/MAXIMUS%2520PLUS%2520CAA%252030CM%2520-%2520S%2520(12).png#originWidth=1000&originHeight=1000"",""title"":""MAXIMUS PLUS CAA 30CM - S (12).png"",""type"":""image"",""settings"":{""width"":1000,""height"":1000,""focalPoint"":[0.5,0.5]}},{""description"":"""",""slug"":""34ce26_8d82f2f27d314bf2bf5f1b5d89cf5450~mv2.png"",""alt"":"""",""src"":""wix:image://v1/34ce26_8d82f2f27d314bf2bf5f1b5d89cf5450~mv2.png/MAXIMUS%2520PLUS%2520CAA%252030CM%2520-%2520S%2520(11).png#originWidth=1000&originHeight=1000"",""title"":""MAXIMUS PLUS CAA 30CM - S (11).png"",""type"":""image"",""settings"":{""width"":1000,""height"":1000,""focalPoint"":[0.5,0.5]}}]",,"A Base Box Prodormir possui estrutura em Madeira de Reflorestamento Eucalipto Tratado, que funciona como bactericida natural, inibindo a infestação de Cupins, Brocas e Traças e garante maior durabilidade.
Bonito, moderno e cheio de vantagens Um produto que traz responsabilidade ambiental e a qualidade certificada da marca Probel, para quem tem bom gosto e deseja produtos sofisticados.","https://wa.me/551930142659?text=Ol%C3%A1!%20Gostaria%20de%20mais%20informa%C3%A7%C3%B5es%20sobre%20a%20Base%20Box%20Solteiro%20-%200%2C88m%20(%20https%3A%2F%2Fwww.probeljaguariuna.com.br%2Fbox%2Fbase-box-solteiro---0%252C88m%20).","{""nodes"":[{""type"":""BULLETED_LIST"",""id"":""nlh5l12035"",""nodes"":[{""type"":""LIST_ITEM"",""id"":""suj6012036"",""nodes"":[{""type"":""PARAGRAPH"",""id"":""foo"",""nodes"":[{""type"":""TEXT"",""id"":"""",""nodes"":[],""textData"":{""text"":""Suporte até 150Kg por pessoa (desde que haja um colchão sobre a base)"",""decorations"":[]}}],""paragraphData"":{""textStyle"":{""textAlignment"":""AUTO""},""indentation"":0}}]},{""type"":""LIST_ITEM"",""id"":""1cb4212121"",""nodes"":[{""type"":""PARAGRAPH"",""id"":""s2om912122"",""nodes"":[{""type"":""TEXT"",""id"":"""",""nodes"":[],""textData"":{""text"":""Madeira de reflorestamento Eucalipto tratado"",""decorations"":[]}}],""paragraphData"":{""textStyle"":{""textAlignment"":""AUTO""},""indentation"":0}},{""type"":""PARAGRAPH"",""id"":""svo4l12238"",""nodes"":[],""paragraphData"":{""textStyle"":{""textAlignment"":""AUTO""},""indentation"":0}}]}],""bulletedListData"":{""indentation"":0}}],""metadata"":{""version"":1,""createdTimestamp"":""2022-12-19T17:56:18.279Z"",""updatedTimestamp"":""2022-12-19T17:56:18.279Z"",""id"":""d70fd2f8-ab97-4e4b-b2c5-7f334f28ddea""},""documentStyle"":{}}","{""nodes"":[{""type"":""PARAGRAPH"",""id"":""foo"",""nodes"":[{""type"":""TEXT"",""id"":"""",""nodes"":[],""textData"":{""text"":""Sob encomenda"",""decorations"":[{""type"":""BOLD"",""fontWeightValue"":700}]}}],""paragraphData"":{""textStyle"":{""textAlignment"":""AUTO""},""indentation"":0}},{""type"":""PARAGRAPH"",""id"":""n4hoa12350"",""nodes"":[],""paragraphData"":{""textStyle"":{""textAlignment"":""AUTO""},""indentation"":0}},{""type"":""PARAGRAPH"",""id"":""rqyoh12363"",""nodes"":[{""type"":""TEXT"",""id"":"""",""nodes"":[],""textData"":{""text"":""Solteiro medidas 0,88m x 1,88m x 38cm"",""decorations"":[]}}],""paragraphData"":{""textStyle"":{""textAlignment"":""AUTO""},""indentation"":0}}],""metadata"":{""version"":1,""createdTimestamp"":""2022-12-19T17:56:18.279Z"",""updatedTimestamp"":""2022-12-19T17:56:18.279Z"",""id"":""e7a1eec0-ce00-419e-b0df-e94431397501""},""documentStyle"":{}}","https://wa.me/551930142659?text=Ol%C3%A1!%20Gostaria%20de%20mais%20informa%C3%A7%C3%B5es%20sobre%20a%20Base%20Box%20Solteiro%20-%200%2C88m%20(%20https%3A%2F%2Fwww.probeljaguariuna.com.br%2Fbox%2Fbase-box-solteiro---0%252C88m%20).","/box/","Box",,,,,,,,,,,,,,,,,"PUBLISHED"
