"Title","Imagem","Galeria de mídia","Descrição","Tämanhos1","Link do botão","Ficha tecnica","Cabeceira (All)","Cabeceira (Item)","ID","Created Date","Updated Date","Owner","Metadescrição"
"Cabeceira Luxor","wix:image://v1/34ce26_b0d0ee180d144921b0cf88b730848f4d~mv2.jpg/Cairo%20Ambientada%20sli.jpg#originWidth=1920&originHeight=1280","[{""description"":"""",""fileName"":"""",""slug"":""34ce26_b51891c3a4cd4c07ac5b869ea4c02408~mv2.jpg"",""alt"":"""",""src"":""wix:image://v1/34ce26_b51891c3a4cd4c07ac5b869ea4c02408~mv2.jpg/_.jpg#originWidth=2938&originHeight=3199"",""title"":"""",""type"":""image"",""settings"":{""width"":2938,""height"":3199,""focalPoint"":[0.5,0.5]}},{""description"":"""",""fileName"":"""",""slug"":""34ce26_0078f2d10cc14af99b04f1d89867d884~mv2.jpg"",""alt"":"""",""src"":""wix:image://v1/34ce26_0078f2d10cc14af99b04f1d89867d884~mv2.jpg/_.jpg#originWidth=1328&originHeight=1769"",""title"":"""",""type"":""image"",""settings"":{""width"":1328,""height"":1769,""focalPoint"":[0.5,0.5]}},{""description"":"""",""fileName"":"""",""slug"":""34ce26_e6d7bb1b36db4b3f934200c7d3d181d6~mv2.jpg"",""alt"":"""",""src"":""wix:image://v1/34ce26_e6d7bb1b36db4b3f934200c7d3d181d6~mv2.jpg/_.jpg#originWidth=1328&originHeight=1769"",""title"":"""",""type"":""image"",""settings"":{""width"":1328,""height"":1769,""focalPoint"":[0.5,0.5]}},{""description"":"""",""fileName"":"""",""slug"":""34ce26_8aa5b747d3b14966a48cba733bc88af9~mv2.jpg"",""alt"":"""",""src"":""wix:image://v1/34ce26_8aa5b747d3b14966a48cba733bc88af9~mv2.jpg/_.jpg#originWidth=1328&originHeight=1769"",""title"":"""",""type"":""image"",""settings"":{""width"":1328,""height"":1769,""focalPoint"":[0.5,0.5]}},{""description"":"""",""fileName"":"""",""slug"":""34ce26_d02e91e7c6404533b6fb7c039545d6c5~mv2.jpg"",""alt"":"""",""src"":""wix:image://v1/34ce26_d02e91e7c6404533b6fb7c039545d6c5~mv2.jpg/_.jpg#originWidth=1328&originHeight=1769"",""title"":"""",""type"":""image"",""settings"":{""width"":1328,""height"":1769,""focalPoint"":[0.5,0.5]}},{""description"":"""",""fileName"":""Cairo Ambientada sli.jpg"",""slug"":""34ce26_b0d0ee180d144921b0cf88b730848f4d~mv2.jpg"",""alt"":"""",""src"":""wix:image://v1/34ce26_b0d0ee180d144921b0cf88b730848f4d~mv2.jpg/Cairo%2520Ambientada%2520sli.jpg#originWidth=1920&originHeight=1280"",""title"":""Cairo Ambientada sli.jpg"",""type"":""image"",""settings"":{""width"":1920,""height"":1280,""focalPoint"":[0.5,0.5]}}]","<p class=""font_8"">Estrutura em Madeira de Reflorestamento tratado contra mofo, cupim e microorganismos.&nbsp;</p>
<p class=""font_8"">Travamento da estrutura com grampos.</p>
<p class=""font_8""><br></p>
<p class=""font_8"">Espuma da estrutura D20</p>
<p class=""font_8"">Espuma dos adornos D14</p>
<p class=""font_8""><br></p>
<p class=""font_8"">Acabamentos com sapatas plásticas.</p>","<p>Medidas Padrão:
</p>
<p>Cama King Size 1,95m - L 2,50m x A 1,10m x P 0,42m </p>
<p>Cama Queen 1,60m - L 2,19m x A 1,10m x P 0,42m</p>
<p>Cama Casal 1,40m - L 1,95m x A 1,10m x P 0,42m</p>","https://wa.me/551930142659?text=Ol%C3%A1!%20Gostaria%20de%20mais%20informa%C3%A7%C3%B5es%20sobre%20a%20Cabeceira%20Luxor%20(%20https%3A%2F%2Fwww.probeljaguariuna.com.br%2Fcabeceira%2Fcabeceira-luxor%20).","{""nodes"":[{""type"":""PARAGRAPH"",""id"":""te27x1506"",""nodes"":[{""type"":""TEXT"",""id"":"""",""nodes"":[],""textData"":{""text"":""- Estrutura:"",""decorations"":[{""type"":""BOLD"",""fontWeightValue"":700},{""type"":""COLOR"",""colorData"":{""background"":""rgb(255, 255, 255)"",""foreground"":""rgb(102, 102, 102)""}}]}},{""type"":""TEXT"",""id"":"""",""nodes"":[],""textData"":{""text"":"" Madeira de reflorestamento, imunizada contra mofo, cupim e microorganismos. Travamento da estrutura com grampos, fixados com grampeadores pneumáticos."",""decorations"":[{""type"":""COLOR"",""colorData"":{""background"":""rgb(255, 255, 255)"",""foreground"":""rgb(102, 102, 102)""}}]}}],""paragraphData"":{}},{""paragraphData"":{""textStyle"":{""textAlignment"":""AUTO""}},""style"":{},""id"":""rwmcf1509"",""nodes"":[],""type"":""PARAGRAPH""},{""type"":""PARAGRAPH"",""id"":""nmzka1510"",""nodes"":[{""type"":""TEXT"",""id"":"""",""nodes"":[],""textData"":{""text"":""- Espuma:"",""decorations"":[{""type"":""BOLD"",""fontWeightValue"":700},{""type"":""COLOR"",""colorData"":{""background"":""rgb(255, 255, 255)"",""foreground"":""rgb(102, 102, 102)""}}]}},{""type"":""TEXT"",""id"":"""",""nodes"":[],""textData"":{""text"":"" Estrutura: D20 - Adornos: D14."",""decorations"":[{""type"":""COLOR"",""colorData"":{""background"":""rgb(255, 255, 255)"",""foreground"":""rgb(102, 102, 102)""}}]}}],""paragraphData"":{}},{""paragraphData"":{""textStyle"":{""textAlignment"":""AUTO""}},""style"":{},""id"":""e3nw51513"",""nodes"":[],""type"":""PARAGRAPH""},{""type"":""PARAGRAPH"",""id"":""js1ha1514"",""nodes"":[{""type"":""TEXT"",""id"":"""",""nodes"":[],""textData"":{""text"":""- Revestimento:"",""decorations"":[{""type"":""BOLD"",""fontWeightValue"":700},{""type"":""COLOR"",""colorData"":{""background"":""rgb(255, 255, 255)"",""foreground"":""rgb(102, 102, 102)""}}]}},{""type"":""TEXT"",""id"":"""",""nodes"":[],""textData"":{""text"":"" Ampla variedade de cores, padronagens e texturas, acompanhando as tendências atuais de mercado."",""decorations"":[{""type"":""COLOR"",""colorData"":{""background"":""rgb(255, 255, 255)"",""foreground"":""rgb(102, 102, 102)""}}]}}],""paragraphData"":{}},{""paragraphData"":{""textStyle"":{""textAlignment"":""AUTO""}},""style"":{},""id"":""4c3dp1517"",""nodes"":[],""type"":""PARAGRAPH""},{""type"":""PARAGRAPH"",""id"":""u0jhd1518"",""nodes"":[{""type"":""TEXT"",""id"":"""",""nodes"":[],""textData"":{""text"":""- Acabamentos:"",""decorations"":[{""type"":""BOLD"",""fontWeightValue"":700},{""type"":""COLOR"",""colorData"":{""background"":""rgb(255, 255, 255)"",""foreground"":""rgb(102, 102, 102)""}}]}},{""type"":""TEXT"",""id"":"""",""nodes"":[],""textData"":{""text"":"" Sapatas plásticas. Costas em kami ou tecido"",""decorations"":[{""type"":""COLOR"",""colorData"":{""background"":""rgb(255, 255, 255)"",""foreground"":""rgb(102, 102, 102)""}}]}}],""paragraphData"":{}}],""documentStyle"":{}}","/cabeceira/","/cabeceira/cabeceira-luxor","572a3045-223d-4059-bfe3-e7df55fa84bb",2024-07-23T14:16:57Z,2026-01-27T11:38:34Z,"34ce267c-cd8a-4d74-a8d8-247105b8e36a","Cabeceira"
"Cabeceira Viena","wix:image://v1/34ce26_bdaa398201144d88a1cfd27aac4f4fab~mv2.jpeg/M%C3%ADdia%20(31).jpeg#originWidth=1810&originHeight=1299","[{""description"":"""",""slug"":""34ce26_6699be8297064d7c9bcf30999583b5df~mv2.jpeg"",""alt"":"""",""src"":""wix:image://v1/34ce26_6699be8297064d7c9bcf30999583b5df~mv2.jpeg/_.jpeg#originWidth=1423&originHeight=1651"",""title"":"""",""type"":""image"",""settings"":{""width"":1423,""height"":1651,""focalPoint"":[0.5,0.5]}},{""description"":"""",""slug"":""34ce26_bdaa398201144d88a1cfd27aac4f4fab~mv2.jpeg"",""alt"":"""",""src"":""wix:image://v1/34ce26_bdaa398201144d88a1cfd27aac4f4fab~mv2.jpeg/_.jpeg#originWidth=1810&originHeight=1299"",""title"":"""",""type"":""image"",""settings"":{""width"":1810,""height"":1299,""focalPoint"":[0.5,0.5]}},{""description"":"""",""slug"":""34ce26_09590553fe2443dc807093cab24d3431~mv2.jpeg"",""alt"":"""",""src"":""wix:image://v1/34ce26_09590553fe2443dc807093cab24d3431~mv2.jpeg/_.jpeg#originWidth=1405&originHeight=1672"",""title"":"""",""type"":""image"",""settings"":{""width"":1405,""height"":1672,""focalPoint"":[0.5,0.5]}},{""description"":"""",""slug"":""34ce26_c140ad0a09b6447aa0edf70e783a24c5~mv2.jpeg"",""alt"":"""",""src"":""wix:image://v1/34ce26_c140ad0a09b6447aa0edf70e783a24c5~mv2.jpeg/_.jpeg#originWidth=1240&originHeight=1895"",""title"":"""",""type"":""image"",""settings"":{""width"":1240,""height"":1895,""focalPoint"":[0.5,0.5]}},{""description"":"""",""slug"":""34ce26_36ea6fac57d14994a632fea6f768b6a0~mv2.jpg"",""alt"":"""",""src"":""wix:image://v1/34ce26_36ea6fac57d14994a632fea6f768b6a0~mv2.jpg/_.jpg#originWidth=375&originHeight=280"",""title"":"""",""type"":""image"",""settings"":{""width"":375,""height"":280,""focalPoint"":[0.5,0.5]}}]","<p class=""font_8"">A Cabeceira&nbsp;Viena além de ser um lindo item de decoração e deixar o quarto muito mais sofisticado, proporciona conforto para ler um livro ou ver TV.</p>
<p class=""font_8""><br></p>
<p class=""font_8"">É estofada com espuma D20 de alta qualidade, adornos com espuma D14.</p>
<p class=""font_8"">Travamento da estrutura grampeadores pneumáticos.</p>
<p class=""font_8""><br></p>
<p class=""font_8"">Pés metalizados</p>
<p class=""font_8"">Fixação com frame.</p>","<p><strong>Medidas Padrão (L x A x P)</strong></p>
<p><br /></p>
<ul>
  <li><p>Solteiro 0,88m - 0,90m x 1,28m x 100cm</p></li>
  <li><p><span style=""color: var(--ricos-custom-p-color,unset);""><span style=""background-color: var(--ricos-custom-p-background-color,unset);"">Casal 1,38m - 1,40m x 1,28m x 100cm</span></span></p></li>
  <li><p><span style=""color: var(--ricos-custom-p-color,unset);""><span style=""background-color: var(--ricos-custom-p-background-color,unset);"">Queen 1,58m - 1,60m x 1,28m x 100cm</span></span></p></li>
  <li><p><span style=""color: var(--ricos-custom-p-color,unset);""><span style=""background-color: var(--ricos-custom-p-background-color,unset);"">King 1,93m - 1,95m x 1,28m x 100cm</span></span></p></li>
</ul>","https://wa.me/551930142659?text=Ol%C3%A1!%20Gostaria%20de%20mais%20informa%C3%A7%C3%B5es%20sobre%20a%20Cabeceira%20Viena%20(%20https%3A%2F%2Fwww.probeljaguariuna.com.br%2Fcabeceira%2Fcabeceira-viena%20).",,"/cabeceira/","/cabeceira/cabeceira-viena","5a3fba89-dab0-4323-8d3d-84f100bf73ff",2024-08-07T15:07:37Z,2026-01-27T11:38:32Z,"34ce267c-cd8a-4d74-a8d8-247105b8e36a","Cabeceira"
"Cabeceira Caribe","wix:image://v1/34ce26_723759ca534a42d89a552f393a96b79a~mv2.jpg/Havana%20ambientada%20sli.jpg#originWidth=1000&originHeight=606","[{""description"":"""",""fileName"":""Mídia (6).jpg"",""slug"":""34ce26_eb01ed15ccc14a00970c32ffb9523a98~mv2.jpg"",""alt"":"""",""src"":""wix:image://v1/34ce26_eb01ed15ccc14a00970c32ffb9523a98~mv2.jpg/M%25C3%25ADdia%2520(6).jpg#originWidth=1318&originHeight=1783"",""title"":""Mídia (6).jpg"",""type"":""image"",""settings"":{""width"":1318,""height"":1783,""focalPoint"":[0.5,0.5]}},{""description"":"""",""fileName"":""Mídia (7).jpg"",""slug"":""34ce26_b9195a4b6c164397a30a0c91d4b10c59~mv2.jpg"",""alt"":"""",""src"":""wix:image://v1/34ce26_b9195a4b6c164397a30a0c91d4b10c59~mv2.jpg/M%25C3%25ADdia%2520(7).jpg#originWidth=1769&originHeight=1329"",""title"":""Mídia (7).jpg"",""type"":""image"",""settings"":{""width"":1769,""height"":1329,""focalPoint"":[0.5,0.5]}},{""description"":"""",""fileName"":""Mídia.jpg"",""slug"":""34ce26_70f14112d2e649d58c289ed95b07b75a~mv2.jpg"",""alt"":"""",""src"":""wix:image://v1/34ce26_70f14112d2e649d58c289ed95b07b75a~mv2.jpg/M%25C3%25ADdia.jpg#originWidth=601&originHeight=800"",""title"":""Mídia.jpg"",""type"":""image"",""settings"":{""width"":601,""height"":800,""focalPoint"":[0.5,0.5]}},{""description"":"""",""fileName"":""Mídia (5).jpg"",""slug"":""34ce26_abbf496fa34b4454a874c88c02cc6e96~mv2.jpg"",""alt"":"""",""src"":""wix:image://v1/34ce26_abbf496fa34b4454a874c88c02cc6e96~mv2.jpg/M%25C3%25ADdia%2520(5).jpg#originWidth=1328&originHeight=1769"",""title"":""Mídia (5).jpg"",""type"":""image"",""settings"":{""width"":1328,""height"":1769,""focalPoint"":[0.5,0.5]}},{""description"":"""",""fileName"":""Mídia (2).jpg"",""slug"":""34ce26_f5e881cfd3f94b14b319bdcb1fe9aa4c~mv2.jpg"",""alt"":"""",""src"":""wix:image://v1/34ce26_f5e881cfd3f94b14b319bdcb1fe9aa4c~mv2.jpg/M%25C3%25ADdia%2520(2).jpg#originWidth=1328&originHeight=1769"",""title"":""Mídia (2).jpg"",""type"":""image"",""settings"":{""width"":1328,""height"":1769,""focalPoint"":[0.5,0.5]}},{""description"":"""",""fileName"":""Havana ambientada sli.jpg"",""slug"":""34ce26_723759ca534a42d89a552f393a96b79a~mv2.jpg"",""alt"":"""",""src"":""wix:image://v1/34ce26_723759ca534a42d89a552f393a96b79a~mv2.jpg/Havana%2520ambientada%2520sli.jpg#originWidth=1000&originHeight=606"",""title"":""Havana ambientada sli.jpg"",""type"":""image"",""settings"":{""width"":1000,""height"":606,""focalPoint"":[0.5,0.5]}},{""description"":"""",""fileName"":""Mídia (3).jpg"",""slug"":""34ce26_f43925f8c1c54445b110a4e67950b051~mv2.jpg"",""alt"":"""",""src"":""wix:image://v1/34ce26_f43925f8c1c54445b110a4e67950b051~mv2.jpg/M%25C3%25ADdia%2520(3).jpg#originWidth=1769&originHeight=1328"",""title"":""Mídia (3).jpg"",""type"":""image"",""settings"":{""width"":1769,""height"":1328,""focalPoint"":[0.5,0.5]}}]",,"<p><strong>Medidas Padrão (L x A x P)</strong></p>
<p><br /></p>
<ul>
  <li><p><span style=""color: var(--ricos-custom-p-color,unset);""><span style=""background-color: var(--ricos-custom-p-background-color,unset);"">Casal 1,38m - 1,45m x 1,32m x 110cm</span></span></p></li>
  <li><p><span style=""color: var(--ricos-custom-p-color,unset);""><span style=""background-color: var(--ricos-custom-p-background-color,unset);"">Queen 1,58m - 1,66m x 1,32m x 110cm</span></span></p></li>
  <li><p><span style=""color: var(--ricos-custom-p-color,unset);""><span style=""background-color: var(--ricos-custom-p-background-color,unset);"">King 1,93m - 2,00m x 1,32m x 110cm</span></span></p></li>
</ul>","https://wa.me/551930142659?text=Ol%C3%A1!%20Gostaria%20de%20mais%20informa%C3%A7%C3%B5es%20sobre%20a%20Cabeceira%20Caribe%20(%20https%3A%2F%2Fwww.probeljaguariuna.com.br%2Fcabeceira%2Fcabeceira-caribe%20).","{""nodes"":[{""type"":""PARAGRAPH"",""id"":""qgdv44965"",""nodes"":[{""type"":""TEXT"",""id"":"""",""nodes"":[],""textData"":{""text"":""- Estrutura:"",""decorations"":[{""type"":""BOLD"",""fontWeightValue"":700},{""type"":""COLOR"",""colorData"":{""background"":""rgb(255, 255, 255)"",""foreground"":""rgb(102, 102, 102)""}}]}},{""type"":""TEXT"",""id"":"""",""nodes"":[],""textData"":{""text"":"" Madeira de reflorestamento, imunizada contra mofo, cupim e microorganismos. Travamento da estrutura com grampos, fixados com grampeadores pneumáticos."",""decorations"":[{""type"":""COLOR"",""colorData"":{""background"":""rgb(255, 255, 255)"",""foreground"":""rgb(102, 102, 102)""}}]}}],""paragraphData"":{}},{""paragraphData"":{""textStyle"":{""textAlignment"":""AUTO""}},""style"":{},""id"":""g7ibb4968"",""nodes"":[],""type"":""PARAGRAPH""},{""type"":""PARAGRAPH"",""id"":""pa1py4969"",""nodes"":[{""type"":""TEXT"",""id"":"""",""nodes"":[],""textData"":{""text"":""- Espuma:"",""decorations"":[{""type"":""BOLD"",""fontWeightValue"":700},{""type"":""COLOR"",""colorData"":{""background"":""rgb(255, 255, 255)"",""foreground"":""rgb(102, 102, 102)""}}]}},{""type"":""TEXT"",""id"":"""",""nodes"":[],""textData"":{""text"":"" Estrutura: D20 - Adornos: D14."",""decorations"":[{""type"":""COLOR"",""colorData"":{""background"":""rgb(255, 255, 255)"",""foreground"":""rgb(102, 102, 102)""}}]}}],""paragraphData"":{}},{""paragraphData"":{""textStyle"":{""textAlignment"":""AUTO""}},""style"":{},""id"":""ec0jo4972"",""nodes"":[],""type"":""PARAGRAPH""},{""type"":""PARAGRAPH"",""id"":""fiak84973"",""nodes"":[{""type"":""TEXT"",""id"":"""",""nodes"":[],""textData"":{""text"":""- Revestimento:"",""decorations"":[{""type"":""BOLD"",""fontWeightValue"":700},{""type"":""COLOR"",""colorData"":{""background"":""rgb(255, 255, 255)"",""foreground"":""rgb(102, 102, 102)""}}]}},{""type"":""TEXT"",""id"":"""",""nodes"":[],""textData"":{""text"":"" Ampla variedade de cores, padronagens e texturas, acompanhando as tendências atuais de mercado."",""decorations"":[{""type"":""COLOR"",""colorData"":{""background"":""rgb(255, 255, 255)"",""foreground"":""rgb(102, 102, 102)""}}]}}],""paragraphData"":{}},{""paragraphData"":{""textStyle"":{""textAlignment"":""AUTO""}},""style"":{},""id"":""t92dv4976"",""nodes"":[],""type"":""PARAGRAPH""},{""type"":""PARAGRAPH"",""id"":""lw9yw4977"",""nodes"":[{""type"":""TEXT"",""id"":"""",""nodes"":[],""textData"":{""text"":""- Acabamentos:"",""decorations"":[{""type"":""BOLD"",""fontWeightValue"":700},{""type"":""COLOR"",""colorData"":{""background"":""rgb(255, 255, 255)"",""foreground"":""rgb(102, 102, 102)""}}]}},{""type"":""TEXT"",""id"":"""",""nodes"":[],""textData"":{""text"":"" Sapatas plásticas. Fixação frame. Costas em kami."",""decorations"":[{""type"":""COLOR"",""colorData"":{""background"":""rgb(255, 255, 255)"",""foreground"":""rgb(102, 102, 102)""}}]}}],""paragraphData"":{}}],""documentStyle"":{}}","/cabeceira/","/cabeceira/cabeceira-caribe","5da303af-27d1-4f2d-a1f6-3269a534dc32",2025-08-16T15:28:01Z,2026-01-27T11:38:18Z,"34ce267c-cd8a-4d74-a8d8-247105b8e36a","Cabeceira"
"Cabeceira Paris ","wix:image://v1/34ce26_e2dfc21da72a4ec98b8aa87b8bc4613f~mv2.jpg/Torino%20ambientada%20sli.jpg#originWidth=1000&originHeight=606","[{""description"":"""",""fileName"":"""",""slug"":""34ce26_b0e8a261b47c4aaeb0267ad0dd2be063~mv2.jpeg"",""alt"":"""",""src"":""wix:image://v1/34ce26_b0e8a261b47c4aaeb0267ad0dd2be063~mv2.jpeg/_.jpeg#originWidth=1328&originHeight=1769"",""title"":"""",""type"":""image"",""settings"":{""width"":1328,""height"":1769,""focalPoint"":[0.5,0.5]}},{""description"":"""",""fileName"":"""",""slug"":""34ce26_2778ebd089284b859538189b08c0cfa1~mv2.jpeg"",""alt"":"""",""src"":""wix:image://v1/34ce26_2778ebd089284b859538189b08c0cfa1~mv2.jpeg/_.jpeg#originWidth=1328&originHeight=1769"",""title"":"""",""type"":""image"",""settings"":{""width"":1328,""height"":1769,""focalPoint"":[0.5,0.5]}},{""description"":"""",""fileName"":"""",""slug"":""34ce26_17c6ba71c3b942a59b3e2b4832e1047f~mv2.jpeg"",""alt"":"""",""src"":""wix:image://v1/34ce26_17c6ba71c3b942a59b3e2b4832e1047f~mv2.jpeg/_.jpeg#originWidth=1867&originHeight=1259"",""title"":"""",""type"":""image"",""settings"":{""width"":1867,""height"":1259,""focalPoint"":[0.5,0.5]}},{""description"":"""",""fileName"":"""",""slug"":""34ce26_ac88ed06d45e49e9acd6a0dfd661dd99~mv2.jpeg"",""alt"":"""",""src"":""wix:image://v1/34ce26_ac88ed06d45e49e9acd6a0dfd661dd99~mv2.jpeg/_.jpeg#originWidth=2931&originHeight=3206"",""title"":"""",""type"":""image"",""settings"":{""width"":2931,""height"":3206,""focalPoint"":[0.5,0.5]}},{""description"":"""",""fileName"":"""",""slug"":""34ce26_0b0a2aeaa3ad4deea3362ea5fd5b5402~mv2.jpeg"",""alt"":"""",""src"":""wix:image://v1/34ce26_0b0a2aeaa3ad4deea3362ea5fd5b5402~mv2.jpeg/_.jpeg#originWidth=1318&originHeight=1783"",""title"":"""",""type"":""image"",""settings"":{""width"":1318,""height"":1783,""focalPoint"":[0.5,0.5]}},{""description"":"""",""fileName"":"""",""slug"":""34ce26_678456599f13489583e5c3ab40bdda00~mv2.jpeg"",""alt"":"""",""src"":""wix:image://v1/34ce26_678456599f13489583e5c3ab40bdda00~mv2.jpeg/_.jpeg#originWidth=1328&originHeight=1769"",""title"":"""",""type"":""image"",""settings"":{""width"":1328,""height"":1769,""focalPoint"":[0.5,0.5]}},{""description"":"""",""fileName"":"""",""slug"":""34ce26_26449f5fd4854c56901e45061daf5dc0~mv2.jpg"",""alt"":"""",""src"":""wix:image://v1/34ce26_26449f5fd4854c56901e45061daf5dc0~mv2.jpg/_.jpg#originWidth=768&originHeight=1024"",""title"":"""",""type"":""image"",""settings"":{""width"":768,""height"":1024,""focalPoint"":[0.5,0.5]}},{""description"":"""",""fileName"":"""",""slug"":""34ce26_da781f2371e64d31a4a5ec3ac4bd90bc~mv2.jpg"",""alt"":"""",""src"":""wix:image://v1/34ce26_da781f2371e64d31a4a5ec3ac4bd90bc~mv2.jpg/_.jpg#originWidth=1024&originHeight=683"",""title"":"""",""type"":""image"",""settings"":{""width"":1024,""height"":683,""focalPoint"":[0.5,0.5]}},{""description"":"""",""fileName"":"""",""slug"":""34ce26_292bd28bc8ed422f87cab85f3e675425~mv2.jpg"",""alt"":"""",""src"":""wix:image://v1/34ce26_292bd28bc8ed422f87cab85f3e675425~mv2.jpg/_.jpg#originWidth=920&originHeight=1600"",""title"":"""",""type"":""image"",""settings"":{""width"":920,""height"":1600,""focalPoint"":[0.5,0.5]}},{""description"":"""",""fileName"":"""",""slug"":""34ce26_ad7398302d4a4c4e909605ed54815ac6~mv2.jpg"",""alt"":"""",""src"":""wix:image://v1/34ce26_ad7398302d4a4c4e909605ed54815ac6~mv2.jpg/_.jpg#originWidth=2400&originHeight=1080"",""title"":"""",""type"":""image"",""settings"":{""width"":2400,""height"":1080,""focalPoint"":[0.5,0.5]}}]","<p class=""font_8"">A Cabeceira&nbsp;Paris além de ser um lindo item de decoração e deixar o quarto muito mais sofisticado, proporciona conforto para ler um livro ou ver TV.</p>
<p class=""font_8""><br></p>
<p class=""font_8"">É estofada com espuma D20 de alta qualidade, adornos com espuma D14.</p>
<p class=""font_8"">Travamento da estrutura grampeadores pneumáticos.</p>
<p class=""font_8"">Fixação com frame.</p>
<p class=""font_8""><br></p>
<p class=""font_8"">Moldura em aço carbono - Cobre liso fosco.</p>
<p class=""font_8""><br></p>","<p><strong>Medidas Padrão (L x A x P)</strong></p>
<p><br /></p>
<ul>
  <li><p>Casal 1,38m - 1,45m x 1,32m x 110cm</p></li>
  <li><p>Queen 1,58m - 1,66m x 1,32m x 110cm</p></li>
  <li><p>King 1,93m - 2,00m x 1,32m x 110cm</p><p><br /></p></li>
</ul>","https://wa.me/551930142659?text=Ol%C3%A1!%20Gostaria%20de%20mais%20informa%C3%A7%C3%B5es%20sobre%20a%20Cabeceira%20Paris%20(%20https%3A%2F%2Fwww.probeljaguariuna.com.br%2Fcabeceira%2Fcabeceira-paris-%20).","{""nodes"":[{""type"":""PARAGRAPH"",""id"":""ylupm972"",""nodes"":[{""type"":""TEXT"",""id"":"""",""nodes"":[],""textData"":{""text"":""- Estrutura:"",""decorations"":[{""type"":""BOLD"",""fontWeightValue"":700},{""type"":""COLOR"",""colorData"":{""background"":""rgb(255, 255, 255)"",""foreground"":""rgb(102, 102, 102)""}}]}},{""type"":""TEXT"",""id"":"""",""nodes"":[],""textData"":{""text"":"" Madeira de reflorestamento, imunizada contra mofo, cupim e microorganismos. Travamento da estrutura com grampos, fixados com grampeadores pneumáticos."",""decorations"":[{""type"":""COLOR"",""colorData"":{""background"":""rgb(255, 255, 255)"",""foreground"":""rgb(102, 102, 102)""}}]}}],""paragraphData"":{}},{""paragraphData"":{""textStyle"":{""textAlignment"":""AUTO""}},""style"":{},""id"":""5kzpa975"",""nodes"":[],""type"":""PARAGRAPH""},{""type"":""PARAGRAPH"",""id"":""ows1t976"",""nodes"":[{""type"":""TEXT"",""id"":"""",""nodes"":[],""textData"":{""text"":""- Espuma:"",""decorations"":[{""type"":""BOLD"",""fontWeightValue"":700},{""type"":""COLOR"",""colorData"":{""background"":""rgb(255, 255, 255)"",""foreground"":""rgb(102, 102, 102)""}}]}},{""type"":""TEXT"",""id"":"""",""nodes"":[],""textData"":{""text"":"" Estrutura: D20 - Adornos: D14."",""decorations"":[{""type"":""COLOR"",""colorData"":{""background"":""rgb(255, 255, 255)"",""foreground"":""rgb(102, 102, 102)""}}]}}],""paragraphData"":{}},{""paragraphData"":{""textStyle"":{""textAlignment"":""AUTO""}},""style"":{},""id"":""l8u8w979"",""nodes"":[],""type"":""PARAGRAPH""},{""type"":""PARAGRAPH"",""id"":""oha4g980"",""nodes"":[{""type"":""TEXT"",""id"":"""",""nodes"":[],""textData"":{""text"":""- Revestimento:"",""decorations"":[{""type"":""BOLD"",""fontWeightValue"":700},{""type"":""COLOR"",""colorData"":{""background"":""rgb(255, 255, 255)"",""foreground"":""rgb(102, 102, 102)""}}]}},{""type"":""TEXT"",""id"":"""",""nodes"":[],""textData"":{""text"":"" Ampla variedade de cores, padronagens e texturas, acompanhando as tendências atuais de mercado."",""decorations"":[{""type"":""COLOR"",""colorData"":{""background"":""rgb(255, 255, 255)"",""foreground"":""rgb(102, 102, 102)""}}]}}],""paragraphData"":{}},{""paragraphData"":{""textStyle"":{""textAlignment"":""AUTO""}},""style"":{},""id"":""2qunk983"",""nodes"":[],""type"":""PARAGRAPH""},{""type"":""PARAGRAPH"",""id"":""p4cyl984"",""nodes"":[{""type"":""TEXT"",""id"":"""",""nodes"":[],""textData"":{""text"":""- Acabamentos:"",""decorations"":[{""type"":""BOLD"",""fontWeightValue"":700},{""type"":""COLOR"",""colorData"":{""background"":""rgb(255, 255, 255)"",""foreground"":""rgb(102, 102, 102)""}}]}},{""type"":""TEXT"",""id"":"""",""nodes"":[],""textData"":{""text"":"" Sapatas plásticas. Fixação com frame. Costas em kami."",""decorations"":[{""type"":""COLOR"",""colorData"":{""background"":""rgb(255, 255, 255)"",""foreground"":""rgb(102, 102, 102)""}}]}}],""paragraphData"":{}}],""documentStyle"":{}}","/cabeceira/","/cabeceira/cabeceira-paris-","66c99f95-5c92-4f3c-96d9-1c69f887cc4f",2024-05-24T14:55:45Z,2026-01-27T11:38:35Z,"3e41d719-849c-454e-984f-8ce84a2fe621","Cabeceira"
"Cabeceira Istambul","wix:image://v1/34ce26_9fe5bbef0b4c45dcb950033e31d8a384~mv2.jpg/Valencia%20ambientada%20sli.jpg#originWidth=1000&originHeight=667","[{""description"":"""",""fileName"":""Valencia ambientada sli.jpg"",""slug"":""34ce26_9fe5bbef0b4c45dcb950033e31d8a384~mv2.jpg"",""alt"":"""",""src"":""wix:image://v1/34ce26_9fe5bbef0b4c45dcb950033e31d8a384~mv2.jpg/Valencia%2520ambientada%2520sli.jpg#originWidth=1000&originHeight=667"",""title"":""Valencia ambientada sli.jpg"",""type"":""image"",""settings"":{""width"":1000,""height"":667,""focalPoint"":[0.5,0.5]}}]",,"<p><strong>Medidas Padrão (L x A x P)</strong></p>
<p><br /></p>
<ul>
  <li><p><span style=""color: var(--ricos-custom-p-color,unset);""><span style=""background-color: var(--ricos-custom-p-background-color,unset);"">Casal 1,38m - 1,45m x 1,32m x 110cm</span></span></p></li>
  <li><p><span style=""color: var(--ricos-custom-p-color,unset);""><span style=""background-color: var(--ricos-custom-p-background-color,unset);"">Queen 1,58m - 1,66m x 1,32m x 110cm</span></span></p></li>
  <li><p><span style=""color: var(--ricos-custom-p-color,unset);""><span style=""background-color: var(--ricos-custom-p-background-color,unset);"">King 1,93m - 2,00m x 1,32m x 110cm</span></span></p></li>
</ul>","https://wa.me/551930142659?text=Ol%C3%A1!%20Gostaria%20de%20mais%20informa%C3%A7%C3%B5es%20sobre%20a%20Cabeceira%20Istambul%20(%20https%3A%2F%2Fwww.probeljaguariuna.com.br%2Fcabeceira%2Fcabeceira-istambul%20).","{""nodes"":[{""type"":""PARAGRAPH"",""id"":""megia1142"",""nodes"":[{""type"":""TEXT"",""id"":"""",""nodes"":[],""textData"":{""text"":""- Estrutura:"",""decorations"":[{""type"":""BOLD"",""fontWeightValue"":700},{""type"":""COLOR"",""colorData"":{""background"":""rgb(255, 255, 255)"",""foreground"":""rgb(102, 102, 102)""}}]}},{""type"":""TEXT"",""id"":"""",""nodes"":[],""textData"":{""text"":"" Madeira de reflorestamento, imunizada contra mofo, cupim e microorganismos. Travamento da estrutura com grampos, fixados com grampeadores pneumáticos."",""decorations"":[{""type"":""COLOR"",""colorData"":{""background"":""rgb(255, 255, 255)"",""foreground"":""rgb(102, 102, 102)""}}]}}],""paragraphData"":{}},{""paragraphData"":{""textStyle"":{""textAlignment"":""AUTO""}},""style"":{},""id"":""5bwvv1145"",""nodes"":[],""type"":""PARAGRAPH""},{""type"":""PARAGRAPH"",""id"":""mlvj71146"",""nodes"":[{""type"":""TEXT"",""id"":"""",""nodes"":[],""textData"":{""text"":""- Espuma:"",""decorations"":[{""type"":""BOLD"",""fontWeightValue"":700},{""type"":""COLOR"",""colorData"":{""background"":""rgb(255, 255, 255)"",""foreground"":""rgb(102, 102, 102)""}}]}},{""type"":""TEXT"",""id"":"""",""nodes"":[],""textData"":{""text"":"" Estrutura: D20 - Adornos: D14."",""decorations"":[{""type"":""COLOR"",""colorData"":{""background"":""rgb(255, 255, 255)"",""foreground"":""rgb(102, 102, 102)""}}]}}],""paragraphData"":{}},{""paragraphData"":{""textStyle"":{""textAlignment"":""AUTO""}},""style"":{},""id"":""vp3hx1149"",""nodes"":[],""type"":""PARAGRAPH""},{""type"":""PARAGRAPH"",""id"":""2hng31150"",""nodes"":[{""type"":""TEXT"",""id"":"""",""nodes"":[],""textData"":{""text"":""- Revestimento:"",""decorations"":[{""type"":""BOLD"",""fontWeightValue"":700},{""type"":""COLOR"",""colorData"":{""background"":""rgb(255, 255, 255)"",""foreground"":""rgb(102, 102, 102)""}}]}},{""type"":""TEXT"",""id"":"""",""nodes"":[],""textData"":{""text"":"" Ampla variedade de cores, padronagens e texturas, acompanhando as tendências atuais de mercado."",""decorations"":[{""type"":""COLOR"",""colorData"":{""background"":""rgb(255, 255, 255)"",""foreground"":""rgb(102, 102, 102)""}}]}}],""paragraphData"":{}},{""paragraphData"":{""textStyle"":{""textAlignment"":""AUTO""}},""style"":{},""id"":""vpd0p1153"",""nodes"":[],""type"":""PARAGRAPH""},{""type"":""PARAGRAPH"",""id"":""pjed51154"",""nodes"":[{""type"":""TEXT"",""id"":"""",""nodes"":[],""textData"":{""text"":""- Acabamentos:"",""decorations"":[{""type"":""BOLD"",""fontWeightValue"":700},{""type"":""COLOR"",""colorData"":{""background"":""rgb(255, 255, 255)"",""foreground"":""rgb(102, 102, 102)""}}]}},{""type"":""TEXT"",""id"":"""",""nodes"":[],""textData"":{""text"":"" Sapatas plásticas. Fixação com frame. Costas em kami. Tachinhas."",""decorations"":[{""type"":""COLOR"",""colorData"":{""background"":""rgb(255, 255, 255)"",""foreground"":""rgb(102, 102, 102)""}}]}}],""paragraphData"":{}}],""documentStyle"":{}}","/cabeceira/","/cabeceira/cabeceira-istambul","70e81f15-9b49-46c8-abb4-25934d4eb8ba",2025-08-16T15:10:06Z,2026-01-27T11:38:24Z,"34ce267c-cd8a-4d74-a8d8-247105b8e36a","Cabeceira"
"Cabeceira Miami","wix:image://v1/34ce26_bfc89e7710754c1d9bcc6d11f5d2d79e~mv2.jpg/Luna%20ambientada%20sli.jpg#originWidth=1920&originHeight=1280","[{""description"":"""",""fileName"":""Luna ambientada sli.jpg"",""slug"":""34ce26_bfc89e7710754c1d9bcc6d11f5d2d79e~mv2.jpg"",""alt"":"""",""src"":""wix:image://v1/34ce26_bfc89e7710754c1d9bcc6d11f5d2d79e~mv2.jpg/Luna%2520ambientada%2520sli.jpg#originWidth=1920&originHeight=1280"",""title"":""Luna ambientada sli.jpg"",""type"":""image"",""settings"":{""width"":1920,""height"":1280,""focalPoint"":[0.5,0.5]}}]",,"<p><strong>Medidas Padrão (L x A x P)</strong></p>
<p><br /></p>
<ul>
  <li><p><span style=""color: var(--ricos-custom-p-color,unset);""><span style=""background-color: var(--ricos-custom-p-background-color,unset);"">Casal 1,38m - 1,45m x 1,32m x 110cm</span></span></p></li>
  <li><p><span style=""color: var(--ricos-custom-p-color,unset);""><span style=""background-color: var(--ricos-custom-p-background-color,unset);"">Queen 1,58m - 1,66m x 1,32m x 110cm</span></span></p></li>
  <li><p><span style=""color: var(--ricos-custom-p-color,unset);""><span style=""background-color: var(--ricos-custom-p-background-color,unset);"">King 1,93m - 2,00m x 1,32m x 110cm</span></span></p></li>
</ul>",,"{""nodes"":[{""type"":""PARAGRAPH"",""id"":""n47zt2808"",""nodes"":[{""type"":""TEXT"",""id"":"""",""nodes"":[],""textData"":{""text"":""- Estrutura:"",""decorations"":[{""type"":""BOLD"",""fontWeightValue"":700},{""type"":""COLOR"",""colorData"":{""background"":""rgb(255, 255, 255)"",""foreground"":""rgb(102, 102, 102)""}}]}},{""type"":""TEXT"",""id"":"""",""nodes"":[],""textData"":{""text"":"" Madeira de reflorestamento, imunizada contra mofo, cupim e microorganismos. Travamento da estrutura com grampos, fixados com grampeadores pneumáticos."",""decorations"":[{""type"":""COLOR"",""colorData"":{""background"":""rgb(255, 255, 255)"",""foreground"":""rgb(102, 102, 102)""}}]}}],""paragraphData"":{}},{""paragraphData"":{""textStyle"":{""textAlignment"":""AUTO""}},""style"":{},""id"":""wnqqj2811"",""nodes"":[],""type"":""PARAGRAPH""},{""type"":""PARAGRAPH"",""id"":""si2oo2812"",""nodes"":[{""type"":""TEXT"",""id"":"""",""nodes"":[],""textData"":{""text"":""- Espuma:"",""decorations"":[{""type"":""BOLD"",""fontWeightValue"":700},{""type"":""COLOR"",""colorData"":{""background"":""rgb(255, 255, 255)"",""foreground"":""rgb(102, 102, 102)""}}]}},{""type"":""TEXT"",""id"":"""",""nodes"":[],""textData"":{""text"":"" Estrutura: D20 - Adornos: D14."",""decorations"":[{""type"":""COLOR"",""colorData"":{""background"":""rgb(255, 255, 255)"",""foreground"":""rgb(102, 102, 102)""}}]}}],""paragraphData"":{}},{""paragraphData"":{""textStyle"":{""textAlignment"":""AUTO""}},""style"":{},""id"":""setxf2815"",""nodes"":[],""type"":""PARAGRAPH""},{""type"":""PARAGRAPH"",""id"":""6w88i2816"",""nodes"":[{""type"":""TEXT"",""id"":"""",""nodes"":[],""textData"":{""text"":""- Revestimento:"",""decorations"":[{""type"":""BOLD"",""fontWeightValue"":700},{""type"":""COLOR"",""colorData"":{""background"":""rgb(255, 255, 255)"",""foreground"":""rgb(102, 102, 102)""}}]}},{""type"":""TEXT"",""id"":"""",""nodes"":[],""textData"":{""text"":"" Ampla variedade de cores, padronagens e texturas, acompanhando as tendências atuais de mercado."",""decorations"":[{""type"":""COLOR"",""colorData"":{""background"":""rgb(255, 255, 255)"",""foreground"":""rgb(102, 102, 102)""}}]}}],""paragraphData"":{}},{""paragraphData"":{""textStyle"":{""textAlignment"":""AUTO""}},""style"":{},""id"":""g3ej22819"",""nodes"":[],""type"":""PARAGRAPH""},{""type"":""PARAGRAPH"",""id"":""bc2rr2820"",""nodes"":[{""type"":""TEXT"",""id"":"""",""nodes"":[],""textData"":{""text"":""- Acabamentos:"",""decorations"":[{""type"":""BOLD"",""fontWeightValue"":700},{""type"":""COLOR"",""colorData"":{""background"":""rgb(255, 255, 255)"",""foreground"":""rgb(102, 102, 102)""}}]}},{""type"":""TEXT"",""id"":"""",""nodes"":[],""textData"":{""text"":"" Sapatas plásticas. Costas em kami ou tecido. Led opcional."",""decorations"":[{""type"":""COLOR"",""colorData"":{""background"":""rgb(255, 255, 255)"",""foreground"":""rgb(102, 102, 102)""}}]}}],""paragraphData"":{}}],""documentStyle"":{}}","/cabeceira/","/cabeceira/cabeceira-miami","80ab3d6b-93fd-479c-be90-15c6b1a0cdd2",2025-08-16T15:01:32Z,2026-01-27T11:38:27Z,"34ce267c-cd8a-4d74-a8d8-247105b8e36a","Cabeceira"
"Cabeceira Milão","wix:image://v1/34ce26_d9238d4c76454dbea5c17c9a72f2ee5b~mv2.jpeg/M%C3%ADdia%20(3).jpeg#originWidth=1732&originHeight=1278","[{""description"":"""",""fileName"":""Mídia (3).jpeg"",""slug"":""34ce26_d9238d4c76454dbea5c17c9a72f2ee5b~mv2.jpeg"",""alt"":"""",""src"":""wix:image://v1/34ce26_d9238d4c76454dbea5c17c9a72f2ee5b~mv2.jpeg/M%25C3%25ADdia%2520(3).jpeg#originWidth=1732&originHeight=1278"",""title"":""Mídia (3).jpeg"",""type"":""image"",""settings"":{""width"":1732,""height"":1278,""focalPoint"":[0.5,0.5]}},{""description"":"""",""fileName"":""Mídia (2).jpeg"",""slug"":""34ce26_6b71fc755e5b4c7da1aea26aa4aefcac~mv2.jpeg"",""alt"":"""",""src"":""wix:image://v1/34ce26_6b71fc755e5b4c7da1aea26aa4aefcac~mv2.jpeg/M%25C3%25ADdia%2520(2).jpeg#originWidth=3105&originHeight=3027"",""title"":""Mídia (2).jpeg"",""type"":""image"",""settings"":{""width"":3105,""height"":3027,""focalPoint"":[0.5,0.5]}},{""description"":"""",""fileName"":""Mídia.jpeg"",""slug"":""34ce26_bdef51f66ed94884bd3a27da5c4ac682~mv2.jpeg"",""alt"":"""",""src"":""wix:image://v1/34ce26_bdef51f66ed94884bd3a27da5c4ac682~mv2.jpeg/M%25C3%25ADdia.jpeg#originWidth=1392&originHeight=1688"",""title"":""Mídia.jpeg"",""type"":""image"",""settings"":{""width"":1392,""height"":1688,""focalPoint"":[0.5,0.5]}},{""description"":"""",""fileName"":""Mídia (1).jpeg"",""slug"":""34ce26_c644bd2de8354a058168977a2876d100~mv2.jpeg"",""alt"":"""",""src"":""wix:image://v1/34ce26_c644bd2de8354a058168977a2876d100~mv2.jpeg/M%25C3%25ADdia%2520(1).jpeg#originWidth=1275&originHeight=1843"",""title"":""Mídia (1).jpeg"",""type"":""image"",""settings"":{""width"":1275,""height"":1843,""focalPoint"":[0.5,0.5]}},{""description"":"""",""fileName"":""Mídia (6).jpeg"",""slug"":""34ce26_08bc527fe0e746e18d43732c1c93111e~mv2.jpeg"",""alt"":"""",""src"":""wix:image://v1/34ce26_08bc527fe0e746e18d43732c1c93111e~mv2.jpeg/M%25C3%25ADdia%2520(6).jpeg#originWidth=1715&originHeight=1131"",""title"":""Mídia (6).jpeg"",""type"":""image"",""settings"":{""width"":1715,""height"":1131,""focalPoint"":[0.5,0.5]}},{""description"":"""",""fileName"":""Mídia (5).jpeg"",""slug"":""34ce26_eeb4695da96e45dd900768d8c33708d3~mv2.jpeg"",""alt"":"""",""src"":""wix:image://v1/34ce26_eeb4695da96e45dd900768d8c33708d3~mv2.jpeg/M%25C3%25ADdia%2520(5).jpeg#originWidth=1426&originHeight=1649"",""title"":""Mídia (5).jpeg"",""type"":""image"",""settings"":{""width"":1426,""height"":1649,""focalPoint"":[0.5,0.5]}},{""description"":"""",""fileName"":""Mídia (4).jpeg"",""slug"":""34ce26_1b3bc790cbaf487594f4f2a08d476a62~mv2.jpeg"",""alt"":"""",""src"":""wix:image://v1/34ce26_1b3bc790cbaf487594f4f2a08d476a62~mv2.jpeg/M%25C3%25ADdia%2520(4).jpeg#originWidth=1328&originHeight=1769"",""title"":""Mídia (4).jpeg"",""type"":""image"",""settings"":{""width"":1328,""height"":1769,""focalPoint"":[0.5,0.5]}}]","<p class=""font_8"">A Cabeceira&nbsp;Miami além de ser um lindo item de decoração e deixar o quarto muito mais sofisticado, proporciona conforto para ler um livro ou ver TV.</p>
<p class=""font_8""><br></p>
<p class=""font_8"">É estofada com espuma de alta qualidade e madeira tratada contra cupins e traças, o que garante a durabilidade e a estabilidade da Cabeceira.</p>
<p class=""font_8""><br></p>","<p class=""font_8""><span style=""color: rgb(0, 45, 76)""><span style=""background-color: transparent""><strong>Medidas Padrão (L x A x P)</strong></span></span></p>
<p class=""font_8""><br></p>
<ul class=""font_8"">
  <li><p class=""font_8""><span><span style=""color: rgb(0, 45, 76)""><span style=""background-color: rgba(0, 0, 0, 0)"">Solteiro - 0,90m x 1,22m x 100cm</span></span></span></p></li>
  <li><p class=""font_8""><span><span style=""color: rgb(0, 45, 76)""><span style=""background-color: transparent"">Casal - 1,40m x 1,22m x 100cm</span></span></span></p></li>
  <li><p class=""font_8""><span><span style=""color: rgb(0, 45, 76)""><span style=""background-color: transparent"">Queen 1,62m x 1,22m x 100cm</span></span></span></p></li>
  <li><p class=""font_8""><span><span style=""color: rgb(0, 45, 76)""><span style=""background-color: transparent"">King - 1,95m x 1,22m x 100cm</span></span></span></p></li>
</ul>","https://wa.me/551930142659?text=Ol%C3%A1!%20Gostaria%20de%20mais%20informa%C3%A7%C3%B5es%20sobre%20Cabeceira%20Miami%20(%20https%3A%2F%2Fwww.probeljaguariuna.com.br%2Fcabeceira%2Fcabeceira-miami%20).%0A%0A",,"/cabeceira/","/cabeceira/cabeceira-miami","85938055-55ea-4b43-ab2c-b2691dde57e8",2025-06-02T19:36:54Z,2026-01-27T11:38:30Z,"34ce267c-cd8a-4d74-a8d8-247105b8e36a","Cabeceira"
"Cabeceira Tóquio","wix:image://v1/34ce26_e4382267adf942d799c7b6fdabae1e23~mv2.jpg/Belle%20Ambientada%20sli.jpg#originWidth=1920&originHeight=1280","[{""description"":"""",""fileName"":"""",""slug"":""34ce26_3c889d50fc2440d4ba680d3ccba5f61f~mv2.jpeg"",""alt"":"""",""src"":""wix:image://v1/34ce26_3c889d50fc2440d4ba680d3ccba5f61f~mv2.jpeg/_.jpeg#originWidth=1378&originHeight=1705"",""title"":"""",""type"":""image"",""settings"":{""width"":1378,""height"":1705,""focalPoint"":[0.5,0.5]}},{""description"":"""",""fileName"":"""",""slug"":""34ce26_f8a0ceeaca21496db31175afbf24347c~mv2.jpeg"",""alt"":"""",""src"":""wix:image://v1/34ce26_f8a0ceeaca21496db31175afbf24347c~mv2.jpeg/_.jpeg#originWidth=1770&originHeight=1328"",""title"":"""",""type"":""image"",""settings"":{""width"":1770,""height"":1328,""focalPoint"":[0.5,0.5]}},{""description"":"""",""fileName"":"""",""slug"":""34ce26_2224c4be8ab245d28c0fd1c23d120e87~mv2.jpeg"",""alt"":"""",""src"":""wix:image://v1/34ce26_2224c4be8ab245d28c0fd1c23d120e87~mv2.jpeg/_.jpeg#originWidth=1328&originHeight=1769"",""title"":"""",""type"":""image"",""settings"":{""width"":1328,""height"":1769,""focalPoint"":[0.5,0.5]}},{""description"":"""",""fileName"":"""",""slug"":""34ce26_f59e8177c1174d09a83c47121508475e~mv2.jpeg"",""alt"":"""",""src"":""wix:image://v1/34ce26_f59e8177c1174d09a83c47121508475e~mv2.jpeg/_.jpeg#originWidth=1396&originHeight=1684"",""title"":"""",""type"":""image"",""settings"":{""width"":1396,""height"":1684,""focalPoint"":[0.5,0.5]}},{""description"":"""",""fileName"":"""",""slug"":""34ce26_f2c530763f804b8c9aec3e8e48fd14ab~mv2.jpg"",""alt"":"""",""src"":""wix:image://v1/34ce26_f2c530763f804b8c9aec3e8e48fd14ab~mv2.jpg/_.jpg#originWidth=375&originHeight=280"",""title"":"""",""type"":""image"",""settings"":{""width"":375,""height"":280,""focalPoint"":[0.5,0.5]}},{""description"":"""",""fileName"":"""",""slug"":""34ce26_b24b5d470d08434a95cccfa2a1dab988~mv2.jpg"",""alt"":"""",""src"":""wix:image://v1/34ce26_b24b5d470d08434a95cccfa2a1dab988~mv2.jpg/_.jpg#originWidth=1600&originHeight=900"",""title"":"""",""type"":""image"",""settings"":{""width"":1600,""height"":900,""focalPoint"":[0.5,0.5]}},{""description"":"""",""fileName"":"""",""slug"":""34ce26_133865c632ae4e318ac03e9c0b221a6e~mv2.jpg"",""alt"":"""",""src"":""wix:image://v1/34ce26_133865c632ae4e318ac03e9c0b221a6e~mv2.jpg/_.jpg#originWidth=1200&originHeight=1600"",""title"":"""",""type"":""image"",""settings"":{""width"":1200,""height"":1600,""focalPoint"":[0.5,0.5]}},{""description"":"""",""fileName"":""Belle Ambientada sli.jpg"",""slug"":""34ce26_e4382267adf942d799c7b6fdabae1e23~mv2.jpg"",""alt"":"""",""src"":""wix:image://v1/34ce26_e4382267adf942d799c7b6fdabae1e23~mv2.jpg/Belle%2520Ambientada%2520sli.jpg#originWidth=1920&originHeight=1280"",""title"":""Belle Ambientada sli.jpg"",""type"":""image"",""settings"":{""width"":1920,""height"":1280,""focalPoint"":[0.5,0.5]}}]","<p class=""font_8"">A Cabeceira&nbsp;Tóquio além de ser um lindo item de decoração e deixar o quarto muito mais sofisticado, proporciona conforto para ler um livro ou ver TV.</p>
<p class=""font_8""><br></p>
<p class=""font_8"">É estofada com espuma D20 de alta qualidade, adornos com espuma D14.</p>
<p class=""font_8"">Travamento da estrutura grampeadores pneumáticos.</p>
<p class=""font_8"">Fixação com frame.</p>
<p class=""font_8""><br></p>
<p class=""font_8"">Moldura em madeira.</p>","<p><strong>Medidas Padrão (L x A x P)</strong></p>
<p><br /></p>
<ul>
  <li><p><span style=""color: var(--ricos-custom-p-color,unset);""><span style=""background-color: var(--ricos-custom-p-background-color,unset);"">Casal 1,38m - 1,45m x 1,32m x 110cm</span></span></p></li>
  <li><p><span style=""color: var(--ricos-custom-p-color,unset);""><span style=""background-color: var(--ricos-custom-p-background-color,unset);"">Queen 1,58m - 1,66m x 1,32m x 110cm</span></span></p></li>
  <li><p><span style=""color: var(--ricos-custom-p-color,unset);""><span style=""background-color: var(--ricos-custom-p-background-color,unset);"">King 1,93m - 2,00m x 1,32m x 110cm</span></span></p></li>
</ul>","https://wa.me/551930142659?text=Ol%C3%A1!%20Gostaria%20de%20mais%20informa%C3%A7%C3%B5es%20sobre%20a%20Cabeceira%20T%C3%B3quio%20(%20https%3A%2F%2Fwww.probeljaguariuna.com.br%2Fcabeceira%2Fcabeceira-t%25C3%25B3quio%20).","{""nodes"":[{""type"":""PARAGRAPH"",""id"":""qsno6430"",""nodes"":[{""type"":""TEXT"",""id"":"""",""nodes"":[],""textData"":{""text"":""- Estrutura:"",""decorations"":[{""type"":""BOLD"",""fontWeightValue"":700},{""type"":""COLOR"",""colorData"":{""background"":""rgb(255, 255, 255)"",""foreground"":""rgb(102, 102, 102)""}}]}},{""type"":""TEXT"",""id"":"""",""nodes"":[],""textData"":{""text"":"" Madeira de reflorestamento, imunizada contra mofo, cupim e microorganismos. Travamento da estrutura com grampos, fixados com grampeadores pneumáticos."",""decorations"":[{""type"":""COLOR"",""colorData"":{""background"":""rgb(255, 255, 255)"",""foreground"":""rgb(102, 102, 102)""}}]}}],""paragraphData"":{}},{""paragraphData"":{""textStyle"":{""textAlignment"":""AUTO""}},""style"":{},""id"":""enbw6433"",""nodes"":[],""type"":""PARAGRAPH""},{""type"":""PARAGRAPH"",""id"":""y09z3434"",""nodes"":[{""type"":""TEXT"",""id"":"""",""nodes"":[],""textData"":{""text"":""- Espuma:"",""decorations"":[{""type"":""BOLD"",""fontWeightValue"":700},{""type"":""COLOR"",""colorData"":{""background"":""rgb(255, 255, 255)"",""foreground"":""rgb(102, 102, 102)""}}]}},{""type"":""TEXT"",""id"":"""",""nodes"":[],""textData"":{""text"":"" Estrutura: D20 - Adornos: D14."",""decorations"":[{""type"":""COLOR"",""colorData"":{""background"":""rgb(255, 255, 255)"",""foreground"":""rgb(102, 102, 102)""}}]}}],""paragraphData"":{}},{""paragraphData"":{""textStyle"":{""textAlignment"":""AUTO""}},""style"":{},""id"":""kyt7e437"",""nodes"":[],""type"":""PARAGRAPH""},{""type"":""PARAGRAPH"",""id"":""vdtpc438"",""nodes"":[{""type"":""TEXT"",""id"":"""",""nodes"":[],""textData"":{""text"":""- Revestimento:"",""decorations"":[{""type"":""BOLD"",""fontWeightValue"":700},{""type"":""COLOR"",""colorData"":{""background"":""rgb(255, 255, 255)"",""foreground"":""rgb(102, 102, 102)""}}]}},{""type"":""TEXT"",""id"":"""",""nodes"":[],""textData"":{""text"":"" Ampla variedade de cores, padronagens e texturas, acompanhando as tendências atuais de mercado."",""decorations"":[{""type"":""COLOR"",""colorData"":{""background"":""rgb(255, 255, 255)"",""foreground"":""rgb(102, 102, 102)""}}]}}],""paragraphData"":{}},{""paragraphData"":{""textStyle"":{""textAlignment"":""AUTO""}},""style"":{},""id"":""fpo2o441"",""nodes"":[],""type"":""PARAGRAPH""},{""type"":""PARAGRAPH"",""id"":""5al35442"",""nodes"":[{""type"":""TEXT"",""id"":"""",""nodes"":[],""textData"":{""text"":""- Acabamentos:"",""decorations"":[{""type"":""BOLD"",""fontWeightValue"":700},{""type"":""COLOR"",""colorData"":{""background"":""rgb(255, 255, 255)"",""foreground"":""rgb(102, 102, 102)""}}]}},{""type"":""TEXT"",""id"":"""",""nodes"":[],""textData"":{""text"":"" Sapatas plásticas. Detalhes em MDP 15 mm. Costas em kami."",""decorations"":[{""type"":""COLOR"",""colorData"":{""background"":""rgb(255, 255, 255)"",""foreground"":""rgb(102, 102, 102)""}}]}}],""paragraphData"":{}}],""documentStyle"":{}}","/cabeceira/","/cabeceira/cabeceira-t%C3%B3quio","9ed180fa-f750-47d4-a3f1-32b70e127622",2024-05-24T14:55:45Z,2026-01-27T11:38:36Z,"3e41d719-849c-454e-984f-8ce84a2fe621","Cabeceira"
"Cabeceira Madri","wix:image://v1/34ce26_e2bc5a249ff847cfa91163523bb77721~mv2.jpg/Malibu%20ambientada%20sli.jpg#originWidth=1920&originHeight=1280","[{""description"":"""",""fileName"":""Malibu ambientada sli.jpg"",""slug"":""34ce26_e2bc5a249ff847cfa91163523bb77721~mv2.jpg"",""alt"":"""",""src"":""wix:image://v1/34ce26_e2bc5a249ff847cfa91163523bb77721~mv2.jpg/Malibu%2520ambientada%2520sli.jpg#originWidth=1920&originHeight=1280"",""title"":""Malibu ambientada sli.jpg"",""type"":""image"",""settings"":{""width"":1920,""height"":1280,""focalPoint"":[0.5,0.5]}}]",,"<p><strong>Medidas Padrão (L x A x P)</strong></p>
<p><br /></p>
<ul>
  <li><p><span style=""color: var(--ricos-custom-p-color,unset);""><span style=""background-color: var(--ricos-custom-p-background-color,unset);"">Casal 1,38m - 1,45m x 1,32m x 110cm</span></span></p></li>
  <li><p><span style=""color: var(--ricos-custom-p-color,unset);""><span style=""background-color: var(--ricos-custom-p-background-color,unset);"">Queen 1,58m - 1,66m x 1,32m x 110cm</span></span></p></li>
  <li><p><span style=""color: var(--ricos-custom-p-color,unset);""><span style=""background-color: var(--ricos-custom-p-background-color,unset);"">King 1,93m - 2,00m x 1,32m x 110cm</span></span></p></li>
</ul>","https://wa.me/551930142659?text=Ol%C3%A1!%20Gostaria%20de%20mais%20informa%C3%A7%C3%B5es%20sobre%20a%20Cabeceira%20Madri%20(%20https%3A%2F%2Fwww.probeljaguariuna.com.br%2Fcabeceira%2Fcabeceira-madri%20).","{""nodes"":[{""type"":""PARAGRAPH"",""id"":""px2zw1653"",""nodes"":[{""type"":""TEXT"",""id"":"""",""nodes"":[],""textData"":{""text"":""- Estrutura:"",""decorations"":[{""type"":""BOLD"",""fontWeightValue"":700},{""type"":""COLOR"",""colorData"":{""background"":""rgb(255, 255, 255)"",""foreground"":""rgb(102, 102, 102)""}}]}},{""type"":""TEXT"",""id"":"""",""nodes"":[],""textData"":{""text"":"" Madeira de reflorestamento, imunizada contra mofo, cupim e microorganismos. Travamento da estrutura com grampos, fixados com grampeadores pneumáticos."",""decorations"":[{""type"":""COLOR"",""colorData"":{""background"":""rgb(255, 255, 255)"",""foreground"":""rgb(102, 102, 102)""}}]}}],""paragraphData"":{}},{""paragraphData"":{""textStyle"":{""textAlignment"":""AUTO""}},""style"":{},""id"":""jh3xe1656"",""nodes"":[],""type"":""PARAGRAPH""},{""type"":""PARAGRAPH"",""id"":""bzijc1657"",""nodes"":[{""type"":""TEXT"",""id"":"""",""nodes"":[],""textData"":{""text"":""- Espuma:"",""decorations"":[{""type"":""BOLD"",""fontWeightValue"":700},{""type"":""COLOR"",""colorData"":{""background"":""rgb(255, 255, 255)"",""foreground"":""rgb(102, 102, 102)""}}]}},{""type"":""TEXT"",""id"":"""",""nodes"":[],""textData"":{""text"":"" Estrutura: D20 - Adornos: D14."",""decorations"":[{""type"":""COLOR"",""colorData"":{""background"":""rgb(255, 255, 255)"",""foreground"":""rgb(102, 102, 102)""}}]}}],""paragraphData"":{}},{""paragraphData"":{""textStyle"":{""textAlignment"":""AUTO""}},""style"":{},""id"":""9jeal1660"",""nodes"":[],""type"":""PARAGRAPH""},{""type"":""PARAGRAPH"",""id"":""2304y1661"",""nodes"":[{""type"":""TEXT"",""id"":"""",""nodes"":[],""textData"":{""text"":""- Revestimento:"",""decorations"":[{""type"":""BOLD"",""fontWeightValue"":700},{""type"":""COLOR"",""colorData"":{""background"":""rgb(255, 255, 255)"",""foreground"":""rgb(102, 102, 102)""}}]}},{""type"":""TEXT"",""id"":"""",""nodes"":[],""textData"":{""text"":"" Ampla variedade de cores, padronagens e texturas, acompanhando as tendências atuais de mercado."",""decorations"":[{""type"":""COLOR"",""colorData"":{""background"":""rgb(255, 255, 255)"",""foreground"":""rgb(102, 102, 102)""}}]}}],""paragraphData"":{}},{""paragraphData"":{""textStyle"":{""textAlignment"":""AUTO""}},""style"":{},""id"":""pow0q1664"",""nodes"":[],""type"":""PARAGRAPH""},{""type"":""PARAGRAPH"",""id"":""1lop61665"",""nodes"":[{""type"":""TEXT"",""id"":"""",""nodes"":[],""textData"":{""text"":""- Acabamentos:"",""decorations"":[{""type"":""BOLD"",""fontWeightValue"":700},{""type"":""COLOR"",""colorData"":{""background"":""rgb(255, 255, 255)"",""foreground"":""rgb(102, 102, 102)""}}]}},{""type"":""TEXT"",""id"":"""",""nodes"":[],""textData"":{""text"":"" Sapatas plásticas. Fixação com frame. Costas em kami."",""decorations"":[{""type"":""COLOR"",""colorData"":{""background"":""rgb(255, 255, 255)"",""foreground"":""rgb(102, 102, 102)""}}]}}],""paragraphData"":{}}],""documentStyle"":{}}","/cabeceira/","/cabeceira/cabeceira-madri","d7fc92a4-e6c0-4b37-bdd6-ccfb07c9f19c",2025-08-16T15:15:05Z,2026-01-27T11:38:22Z,"34ce267c-cd8a-4d74-a8d8-247105b8e36a","Cabeceira"
"Cabeceira London","wix:image://v1/34ce26_c18a741f1ece4492b292cd5f7f29daff~mv2.jpg/Monaco%20ambientada%20sli.jpg#originWidth=1000&originHeight=606","[{""description"":"""",""fileName"":""Monaco ambientada sli.jpg"",""slug"":""34ce26_c18a741f1ece4492b292cd5f7f29daff~mv2.jpg"",""alt"":"""",""src"":""wix:image://v1/34ce26_c18a741f1ece4492b292cd5f7f29daff~mv2.jpg/Monaco%2520ambientada%2520sli.jpg#originWidth=1000&originHeight=606"",""title"":""Monaco ambientada sli.jpg"",""type"":""image"",""settings"":{""width"":1000,""height"":606,""focalPoint"":[0.5,0.5]}}]",,"<p><strong>Medidas Padrão (L x A x P)</strong></p>
<p><br /></p>
<ul>
  <li><p><span style=""color: var(--ricos-custom-p-color,unset);""><span style=""background-color: var(--ricos-custom-p-background-color,unset);"">Casal 1,38m - 1,45m x 1,32m x 110cm</span></span></p></li>
  <li><p><span style=""color: var(--ricos-custom-p-color,unset);""><span style=""background-color: var(--ricos-custom-p-background-color,unset);"">Queen 1,58m - 1,66m x 1,32m x 110cm</span></span></p></li>
  <li><p><span style=""color: var(--ricos-custom-p-color,unset);""><span style=""background-color: var(--ricos-custom-p-background-color,unset);"">King 1,93m - 2,00m x 1,32m x 110cm</span></span></p></li>
</ul>","https://wa.me/551930142659?text=Ol%C3%A1!%20Gostaria%20de%20mais%20informa%C3%A7%C3%B5es%20sobre%20a%20Cabeceira%20London%20(%20https%3A%2F%2Fwww.probeljaguariuna.com.br%2Fcabeceira%2Fcabeceira-london%20).","{""nodes"":[{""type"":""PARAGRAPH"",""id"":""0bamk2227"",""nodes"":[{""type"":""TEXT"",""id"":"""",""nodes"":[],""textData"":{""text"":""- Estrutura:"",""decorations"":[{""type"":""BOLD"",""fontWeightValue"":700},{""type"":""COLOR"",""colorData"":{""background"":""rgb(255, 255, 255)"",""foreground"":""rgb(102, 102, 102)""}}]}},{""type"":""TEXT"",""id"":"""",""nodes"":[],""textData"":{""text"":"" Madeira de reflorestamento, imunizada contra mofo, cupim e microorganismos. Travamento da estrutura com grampos, fixados com grampeadores pneumáticos."",""decorations"":[{""type"":""COLOR"",""colorData"":{""background"":""rgb(255, 255, 255)"",""foreground"":""rgb(102, 102, 102)""}}]}}],""paragraphData"":{}},{""paragraphData"":{""textStyle"":{""textAlignment"":""AUTO""}},""style"":{},""id"":""tpl3k2230"",""nodes"":[],""type"":""PARAGRAPH""},{""type"":""PARAGRAPH"",""id"":""bnrfz2231"",""nodes"":[{""type"":""TEXT"",""id"":"""",""nodes"":[],""textData"":{""text"":""- Espuma:"",""decorations"":[{""type"":""BOLD"",""fontWeightValue"":700},{""type"":""COLOR"",""colorData"":{""background"":""rgb(255, 255, 255)"",""foreground"":""rgb(102, 102, 102)""}}]}},{""type"":""TEXT"",""id"":"""",""nodes"":[],""textData"":{""text"":"" Estrutura: D20 - Adornos: D14."",""decorations"":[{""type"":""COLOR"",""colorData"":{""background"":""rgb(255, 255, 255)"",""foreground"":""rgb(102, 102, 102)""}}]}}],""paragraphData"":{}},{""paragraphData"":{""textStyle"":{""textAlignment"":""AUTO""}},""style"":{},""id"":""ze4pw2234"",""nodes"":[],""type"":""PARAGRAPH""},{""type"":""PARAGRAPH"",""id"":""25pq62235"",""nodes"":[{""type"":""TEXT"",""id"":"""",""nodes"":[],""textData"":{""text"":""- Revestimento:"",""decorations"":[{""type"":""BOLD"",""fontWeightValue"":700},{""type"":""COLOR"",""colorData"":{""background"":""rgb(255, 255, 255)"",""foreground"":""rgb(102, 102, 102)""}}]}},{""type"":""TEXT"",""id"":"""",""nodes"":[],""textData"":{""text"":"" Ampla variedade de cores, padronagens e texturas, acompanhando as tendências atuais de mercado."",""decorations"":[{""type"":""COLOR"",""colorData"":{""background"":""rgb(255, 255, 255)"",""foreground"":""rgb(102, 102, 102)""}}]}}],""paragraphData"":{}},{""paragraphData"":{""textStyle"":{""textAlignment"":""AUTO""}},""style"":{},""id"":""4jdgd2238"",""nodes"":[],""type"":""PARAGRAPH""},{""type"":""PARAGRAPH"",""id"":""9vfq52239"",""nodes"":[{""type"":""TEXT"",""id"":"""",""nodes"":[],""textData"":{""text"":""- Acabamentos:"",""decorations"":[{""type"":""BOLD"",""fontWeightValue"":700},{""type"":""COLOR"",""colorData"":{""background"":""rgb(255, 255, 255)"",""foreground"":""rgb(102, 102, 102)""}}]}},{""type"":""TEXT"",""id"":"""",""nodes"":[],""textData"":{""text"":"" Sapatas plásticas. Fixação com frame. Costas em kami. Tachinhas."",""decorations"":[{""type"":""COLOR"",""colorData"":{""background"":""rgb(255, 255, 255)"",""foreground"":""rgb(102, 102, 102)""}}]}}],""paragraphData"":{}}],""documentStyle"":{}}","/cabeceira/","/cabeceira/cabeceira-london","da3fce46-5848-4a51-a2c5-c900e7b6e990",2025-08-16T15:17:10Z,2026-01-27T11:38:20Z,"34ce267c-cd8a-4d74-a8d8-247105b8e36a",
"Cabeceira Roma","wix:image://v1/34ce26_abf2d2f43e274a1b926edb5fab170240~mv2.jpg/Viena%20ambientada%20sli.jpg#originWidth=1000&originHeight=606","[{""description"":"""",""fileName"":""Viena ambientada sli.jpg"",""slug"":""34ce26_abf2d2f43e274a1b926edb5fab170240~mv2.jpg"",""alt"":"""",""src"":""wix:image://v1/34ce26_abf2d2f43e274a1b926edb5fab170240~mv2.jpg/Viena%2520ambientada%2520sli.jpg#originWidth=1000&originHeight=606"",""title"":""Viena ambientada sli.jpg"",""type"":""image"",""settings"":{""width"":1000,""height"":606,""focalPoint"":[0.5,0.5]}}]",,"<p><strong>Medidas Padrão (L x A x P)</strong></p>
<p><br /></p>
<ul>
  <li><p><span style=""color: var(--ricos-custom-p-color,unset);""><span style=""background-color: var(--ricos-custom-p-background-color,unset);"">Casal 1,38m - 1,45m x 1,32m x 110cm</span></span></p></li>
  <li><p><span style=""color: var(--ricos-custom-p-color,unset);""><span style=""background-color: var(--ricos-custom-p-background-color,unset);"">Queen 1,58m - 1,66m x 1,32m x 110cm</span></span></p></li>
  <li><p><span style=""color: var(--ricos-custom-p-color,unset);""><span style=""background-color: var(--ricos-custom-p-background-color,unset);"">King 1,93m - 2,00m x 1,32m x 110cm</span></span></p></li>
</ul>","https://wa.me/551930142659?text=Ol%C3%A1!%20Gostaria%20de%20mais%20informa%C3%A7%C3%B5es%20sobre%20a%20Cabeceira%20Miami%20(%20https%3A%2F%2Fwww.probeljaguariuna.com.br%2Fcabeceira%2Fcabeceira-miami%20).","{""nodes"":[{""type"":""PARAGRAPH"",""id"":""eku10404"",""nodes"":[{""type"":""TEXT"",""id"":"""",""nodes"":[],""textData"":{""text"":""- Estrutura:"",""decorations"":[{""type"":""BOLD"",""fontWeightValue"":700},{""type"":""COLOR"",""colorData"":{""background"":""rgb(255, 255, 255)"",""foreground"":""rgb(102, 102, 102)""}}]}},{""type"":""TEXT"",""id"":"""",""nodes"":[],""textData"":{""text"":"" Madeira de reflorestamento, imunizada contra mofo, cupim e microorganismos. Travamento da estrutura com grampos, fixados com grampeadores pneumáticos."",""decorations"":[{""type"":""COLOR"",""colorData"":{""background"":""rgb(255, 255, 255)"",""foreground"":""rgb(102, 102, 102)""}}]}}],""paragraphData"":{}},{""paragraphData"":{""textStyle"":{""textAlignment"":""AUTO""}},""style"":{},""id"":""re5j7407"",""nodes"":[],""type"":""PARAGRAPH""},{""type"":""PARAGRAPH"",""id"":""l43ym408"",""nodes"":[{""type"":""TEXT"",""id"":"""",""nodes"":[],""textData"":{""text"":""- Espuma:"",""decorations"":[{""type"":""BOLD"",""fontWeightValue"":700},{""type"":""COLOR"",""colorData"":{""background"":""rgb(255, 255, 255)"",""foreground"":""rgb(102, 102, 102)""}}]}},{""type"":""TEXT"",""id"":"""",""nodes"":[],""textData"":{""text"":"" Estrutura: D20 - Adornos: D14."",""decorations"":[{""type"":""COLOR"",""colorData"":{""background"":""rgb(255, 255, 255)"",""foreground"":""rgb(102, 102, 102)""}}]}}],""paragraphData"":{}},{""paragraphData"":{""textStyle"":{""textAlignment"":""AUTO""}},""style"":{},""id"":""aaxrp411"",""nodes"":[],""type"":""PARAGRAPH""},{""type"":""PARAGRAPH"",""id"":""mhyh8412"",""nodes"":[{""type"":""TEXT"",""id"":"""",""nodes"":[],""textData"":{""text"":""- Revestimento:"",""decorations"":[{""type"":""BOLD"",""fontWeightValue"":700},{""type"":""COLOR"",""colorData"":{""background"":""rgb(255, 255, 255)"",""foreground"":""rgb(102, 102, 102)""}}]}},{""type"":""TEXT"",""id"":"""",""nodes"":[],""textData"":{""text"":"" Ampla variedade de cores, padronagens e texturas, acompanhando as tendências atuais de mercado."",""decorations"":[{""type"":""COLOR"",""colorData"":{""background"":""rgb(255, 255, 255)"",""foreground"":""rgb(102, 102, 102)""}}]}}],""paragraphData"":{}},{""paragraphData"":{""textStyle"":{""textAlignment"":""AUTO""}},""style"":{},""id"":""1aiwj415"",""nodes"":[],""type"":""PARAGRAPH""},{""type"":""PARAGRAPH"",""id"":""vxjq7416"",""nodes"":[{""type"":""TEXT"",""id"":"""",""nodes"":[],""textData"":{""text"":""- Acabamentos:"",""decorations"":[{""type"":""BOLD"",""fontWeightValue"":700},{""type"":""COLOR"",""colorData"":{""background"":""rgb(255, 255, 255)"",""foreground"":""rgb(102, 102, 102)""}}]}},{""type"":""TEXT"",""id"":"""",""nodes"":[],""textData"":{""text"":"" Sapatas plásticas. Fixação com frame. Tachinhas. Costas em kami."",""decorations"":[{""type"":""COLOR"",""colorData"":{""background"":""rgb(255, 255, 255)"",""foreground"":""rgb(102, 102, 102)""}}]}}],""paragraphData"":{}}],""documentStyle"":{}}","/cabeceira/","/cabeceira/cabeceira-roma","f805a81c-c386-4281-9dd9-b378112c06a4",2025-08-16T15:02:08Z,2026-01-27T11:38:26Z,"34ce267c-cd8a-4d74-a8d8-247105b8e36a","Cabeceira"
